t_s,Q_out_m3s,Q_in_m3s,level_mRL,breach_bottom_mRL,breach_bottom_width_m,breach_top_width_m
0,0.000,0.000,226.500,226.500,0.00,0.00
30,0.007,0.000,226.500,226.460,0.46,0.52
60,0.038,0.000,226.500,226.420,0.92,1.04
90,0.104,0.000,226.500,226.379,1.39,1.56
120,0.213,0.000,226.500,226.339,1.85,2.07
150,0.372,0.000,226.500,226.299,2.31,2.59
180,0.586,0.000,226.500,226.259,2.77,3.11
210,0.862,0.000,226.500,226.218,3.23,3.63
240,1.203,0.000,226.500,226.178,3.70,4.15
270,1.614,0.000,226.500,226.138,4.16,4.67
300,2.100,0.000,226.499,226.098,4.62,5.18
330,2.663,0.000,226.499,226.058,5.08,5.70
360,3.308,0.000,226.499,226.017,5.55,6.22
390,4.037,0.000,226.499,225.977,6.01,6.74
420,4.854,0.000,226.498,225.937,6.47,7.26
450,5.762,0.000,226.498,225.897,6.93,7.78
480,6.764,0.000,226.497,225.856,7.39,8.30
510,7.861,0.000,226.496,225.816,7.86,8.81
540,9.057,0.000,226.495,225.776,8.32,9.33
570,10.352,0.000,226.494,225.736,8.78,9.85
600,11.750,0.000,226.493,225.696,9.24,10.37
630,13.252,0.000,226.492,225.655,9.70,10.89
660,14.860,0.000,226.491,225.615,10.17,11.41
690,16.575,0.000,226.489,225.575,10.63,11.92
720,18.397,0.000,226.487,225.535,11.09,12.44
750,20.329,0.000,226.485,225.495,11.55,12.96
780,22.372,0.000,226.483,225.454,12.02,13.48
810,24.525,0.000,226.481,225.414,12.48,14.00
840,26.790,0.000,226.478,225.374,12.94,14.52
870,29.166,0.000,226.476,225.334,13.40,15.03
900,31.655,0.000,226.472,225.293,13.86,15.55
930,34.255,0.000,226.469,225.253,14.33,16.07
960,36.968,0.000,226.466,225.213,14.79,16.59
990,39.792,0.000,226.462,225.173,15.25,17.11
1020,42.727,0.000,226.458,225.133,15.71,17.63
1050,45.773,0.000,226.453,225.092,16.17,18.15
1080,48.928,0.000,226.449,225.052,16.64,18.66
1110,52.192,0.000,226.443,225.012,17.10,19.18
1140,55.564,0.000,226.438,224.972,17.56,19.70
1170,59.042,0.000,226.432,224.931,18.02,20.22
1200,62.624,0.000,226.426,224.891,18.49,20.74
1230,66.310,0.000,226.420,224.851,18.95,21.26
1260,70.097,0.000,226.413,224.811,19.41,21.77
1290,73.984,0.000,226.406,224.771,19.87,22.29
1320,77.968,0.000,226.398,224.730,20.33,22.81
1350,82.048,0.000,226.390,224.690,20.80,23.33
1380,86.220,0.000,226.382,224.650,21.26,23.85
1410,90.483,0.000,226.373,224.610,21.72,24.37
1440,94.833,0.000,226.363,224.569,22.18,24.89
1470,99.269,0.000,226.354,224.529,22.64,25.40
1500,103.786,0.000,226.343,224.489,23.11,25.92
1530,108.383,0.000,226.333,224.449,23.57,26.44
1560,113.056,0.000,226.322,224.409,24.03,26.96
1590,117.802,0.000,226.310,224.368,24.49,27.48
1620,122.617,0.000,226.298,224.328,24.96,28.00
1650,127.498,0.000,226.285,224.288,25.42,28.51
1680,132.442,0.000,226.272,224.248,25.88,29.03
1710,137.446,0.000,226.259,224.208,26.34,29.55
1740,142.504,0.000,226.244,224.167,26.80,30.07
1770,147.615,0.000,226.230,224.127,27.27,30.59
1800,152.773,0.000,226.215,224.087,27.73,31.11
1830,157.976,0.000,226.199,224.047,28.19,31.63
1860,163.218,0.000,226.183,224.006,28.65,32.14
1890,168.497,0.000,226.166,223.966,29.11,32.66
1920,173.809,0.000,226.148,223.926,29.58,33.18
1950,179.148,0.000,226.131,223.886,30.04,33.70
1980,184.512,0.000,226.112,223.846,30.50,34.22
2010,189.897,0.000,226.093,223.805,30.96,34.74
2040,195.297,0.000,226.073,223.765,31.43,35.25
2070,200.710,0.000,226.053,223.725,31.89,35.77
2100,206.130,0.000,226.033,223.685,32.35,36.29
2130,211.555,0.000,226.011,223.644,32.81,36.81
2160,216.980,0.000,225.989,223.604,33.27,37.33
2190,222.400,0.000,225.967,223.564,33.74,37.85
2220,227.813,0.000,225.944,223.524,34.20,38.37
2250,233.214,0.000,225.920,223.484,34.66,38.88
2280,238.599,0.000,225.896,223.443,35.12,39.40
2310,243.964,0.000,225.871,223.403,35.58,39.92
2340,249.306,0.000,225.846,223.363,36.05,40.44
2370,254.620,0.000,225.820,223.323,36.51,40.96
2400,259.904,0.000,225.794,223.282,36.97,41.48
2430,265.153,0.000,225.767,223.242,37.43,41.99
2460,270.364,0.000,225.739,223.202,37.90,42.51
2490,275.533,0.000,225.711,223.162,38.36,43.03
2520,280.657,0.000,225.682,223.122,38.82,43.55
2550,285.733,0.000,225.653,223.081,39.28,44.07
2580,290.757,0.000,225.623,223.041,39.74,44.59
2610,295.726,0.000,225.592,223.001,40.21,45.10
2640,300.638,0.000,225.561,222.961,40.67,45.62
2670,305.489,0.000,225.530,222.921,41.13,46.14
2700,310.276,0.000,225.498,222.880,41.59,46.66
2730,314.997,0.000,225.465,222.840,42.05,47.18
2760,319.614,0.000,225.432,222.800,42.52,47.70
2790,313.456,0.000,225.399,222.800,42.52,47.70
2820,307.451,0.000,225.366,222.800,42.52,47.70
2850,301.593,0.000,225.334,222.800,42.52,47.70
2880,295.877,0.000,225.303,222.800,42.52,47.70
2910,290.301,0.000,225.272,222.800,42.52,47.70
2940,284.860,0.000,225.242,222.800,42.52,47.70
2970,279.549,0.000,225.212,222.800,42.52,47.70
3000,274.366,0.000,225.182,222.800,42.52,47.70
3030,269.306,0.000,225.154,222.800,42.52,47.70
3060,264.366,0.000,225.125,222.800,42.52,47.70
3090,259.543,0.000,225.098,222.800,42.52,47.70
3120,254.832,0.000,225.070,222.800,42.52,47.70
3150,250.232,0.000,225.043,222.800,42.52,47.70
3180,245.738,0.000,225.017,222.800,42.52,47.70
3210,241.348,0.000,224.991,222.800,42.52,47.70
3240,237.060,0.000,224.965,222.800,42.52,47.70
3270,232.869,0.000,224.940,222.800,42.52,47.70
3300,228.774,0.000,224.916,222.800,42.52,47.70
3330,224.772,0.000,224.891,222.800,42.52,47.70
3360,220.859,0.000,224.867,222.800,42.52,47.70
3390,217.035,0.000,224.844,222.800,42.52,47.70
3420,213.296,0.000,224.821,222.800,42.52,47.70
3450,209.641,0.000,224.798,222.800,42.52,47.70
3480,206.066,0.000,224.776,222.800,42.52,47.70
3510,202.570,0.000,224.754,222.800,42.52,47.70
3540,199.150,0.000,224.732,222.800,42.52,47.70
3570,195.805,0.000,224.711,222.800,42.52,47.70
3600,192.533,0.000,224.690,222.800,42.52,47.70
3630,189.331,0.000,224.669,222.800,42.52,47.70
3660,186.198,0.000,224.648,222.800,42.52,47.70
3690,183.132,0.000,224.628,222.800,42.52,47.70
3720,180.132,0.000,224.609,222.800,42.52,47.70
3750,177.195,0.000,224.589,222.800,42.52,47.70
3780,174.320,0.000,224.570,222.800,42.52,47.70
3810,171.505,0.000,224.551,222.800,42.52,47.70
3840,168.749,0.000,224.533,222.800,42.52,47.70
3870,166.051,0.000,224.515,222.800,42.52,47.70
3900,163.408,0.000,224.497,222.800,42.52,47.70
3930,160.820,0.000,224.479,222.800,42.52,47.70
3960,158.286,0.000,224.462,222.800,42.52,47.70
3990,155.803,0.000,224.444,222.800,42.52,47.70
4020,153.370,0.000,224.427,222.800,42.52,47.70
4050,150.987,0.000,224.411,222.800,42.52,47.70
4080,148.651,0.000,224.394,222.800,42.52,47.70
4110,146.363,0.000,224.378,222.800,42.52,47.70
4140,144.120,0.000,224.362,222.800,42.52,47.70
4170,141.922,0.000,224.347,222.800,42.52,47.70
4200,139.768,0.000,224.331,222.800,42.52,47.70
4230,137.656,0.000,224.316,222.800,42.52,47.70
4260,135.585,0.000,224.301,222.800,42.52,47.70
4290,133.555,0.000,224.286,222.800,42.52,47.70
4320,131.565,0.000,224.271,222.800,42.52,47.70
4350,129.613,0.000,224.257,222.800,42.52,47.70
4380,127.698,0.000,224.243,222.800,42.52,47.70
4410,125.821,0.000,224.229,222.800,42.52,47.70
4440,123.979,0.000,224.215,222.800,42.52,47.70
4470,122.172,0.000,224.201,222.800,42.52,47.70
4500,120.400,0.000,224.188,222.800,42.52,47.70
4530,118.661,0.000,224.175,222.800,42.52,47.70
4560,116.955,0.000,224.162,222.800,42.52,47.70
4590,115.281,0.000,224.149,222.800,42.52,47.70
4620,113.637,0.000,224.136,222.800,42.52,47.70
4650,112.025,0.000,224.124,222.800,42.52,47.70
4680,110.442,0.000,224.111,222.800,42.52,47.70
4710,108.889,0.000,224.099,222.800,42.52,47.70
4740,107.363,0.000,224.087,222.800,42.52,47.70
4770,105.866,0.000,224.075,222.800,42.52,47.70
4800,104.396,0.000,224.063,222.800,42.52,47.70
4830,102.953,0.000,224.052,222.800,42.52,47.70
4860,101.535,0.000,224.040,222.800,42.52,47.70
4890,100.143,0.000,224.029,222.800,42.52,47.70
4920,98.776,0.000,224.018,222.800,42.52,47.70
4950,97.433,0.000,224.007,222.800,42.52,47.70
4980,96.114,0.000,223.996,222.800,42.52,47.70
5010,94.819,0.000,223.986,222.800,42.52,47.70
5040,93.546,0.000,223.975,222.800,42.52,47.70
5070,92.295,0.000,223.965,222.800,42.52,47.70
5100,91.067,0.000,223.955,222.800,42.52,47.70
5130,89.859,0.000,223.944,222.800,42.52,47.70
5160,88.673,0.000,223.934,222.800,42.52,47.70
5190,87.507,0.000,223.925,222.800,42.52,47.70
5220,86.361,0.000,223.915,222.800,42.52,47.70
5250,85.235,0.000,223.905,222.800,42.52,47.70
5280,84.127,0.000,223.896,222.800,42.52,47.70
5310,83.039,0.000,223.886,222.800,42.52,47.70
5340,81.969,0.000,223.877,222.800,42.52,47.70
5370,80.917,0.000,223.868,222.800,42.52,47.70
5400,79.883,0.000,223.859,222.800,42.52,47.70
5430,78.866,0.000,223.850,222.800,42.52,47.70
5460,77.866,0.000,223.841,222.800,42.52,47.70
5490,76.883,0.000,223.832,222.800,42.52,47.70
5520,75.915,0.000,223.824,222.800,42.52,47.70
5550,74.964,0.000,223.815,222.800,42.52,47.70
5580,74.028,0.000,223.807,222.800,42.52,47.70
5610,73.108,0.000,223.799,222.800,42.52,47.70
5640,72.203,0.000,223.790,222.800,42.52,47.70
5670,71.312,0.000,223.782,222.800,42.52,47.70
5700,70.435,0.000,223.774,222.800,42.52,47.70
5730,69.573,0.000,223.766,222.800,42.52,47.70
5760,68.725,0.000,223.759,222.800,42.52,47.70
5790,67.890,0.000,223.751,222.800,42.52,47.70
5820,67.068,0.000,223.743,222.800,42.52,47.70
5850,66.260,0.000,223.736,222.800,42.52,47.70
5880,65.464,0.000,223.728,222.800,42.52,47.70
5910,64.681,0.000,223.721,222.800,42.52,47.70
5940,63.910,0.000,223.714,222.800,42.52,47.70
5970,63.151,0.000,223.707,222.800,42.52,47.70
6000,62.404,0.000,223.699,222.800,42.52,47.70
6030,61.668,0.000,223.692,222.800,42.52,47.70
6060,60.944,0.000,223.685,222.800,42.52,47.70
6090,60.231,0.000,223.679,222.800,42.52,47.70
6120,59.529,0.000,223.672,222.800,42.52,47.70
6150,58.837,0.000,223.665,222.800,42.52,47.70
6180,58.157,0.000,223.658,222.800,42.52,47.70
6210,57.486,0.000,223.652,222.800,42.52,47.70
6240,56.826,0.000,223.645,222.800,42.52,47.70
6270,56.175,0.000,223.639,222.800,42.52,47.70
6300,55.535,0.000,223.633,222.800,42.52,47.70
6330,54.904,0.000,223.626,222.800,42.52,47.70
6360,54.282,0.000,223.620,222.800,42.52,47.70
6390,53.670,0.000,223.614,222.800,42.52,47.70
6420,53.066,0.000,223.608,222.800,42.52,47.70
6450,52.472,0.000,223.602,222.800,42.52,47.70
6480,51.886,0.000,223.596,222.800,42.52,47.70
6510,51.309,0.000,223.590,222.800,42.52,47.70
6540,50.741,0.000,223.584,222.800,42.52,47.70
6570,50.180,0.000,223.579,222.800,42.52,47.70
6600,49.628,0.000,223.573,222.800,42.52,47.70
6630,49.084,0.000,223.567,222.800,42.52,47.70
6660,48.547,0.000,223.562,222.800,42.52,47.70
6690,48.019,0.000,223.556,222.800,42.52,47.70
6720,47.497,0.000,223.551,222.800,42.52,47.70
6750,46.984,0.000,223.545,222.800,42.52,47.70
6780,46.477,0.000,223.540,222.800,42.52,47.70
6810,45.978,0.000,223.535,222.800,42.52,47.70
6840,45.486,0.000,223.530,222.800,42.52,47.70
6870,45.001,0.000,223.524,222.800,42.52,47.70
6900,44.522,0.000,223.519,222.800,42.52,47.70
6930,44.050,0.000,223.514,222.800,42.52,47.70
6960,43.585,0.000,223.509,222.800,42.52,47.70
6990,43.126,0.000,223.504,222.800,42.52,47.70
7020,42.674,0.000,223.499,222.800,42.52,47.70
7050,42.228,0.000,223.495,222.800,42.52,47.70
7080,41.788,0.000,223.490,222.800,42.52,47.70
7110,41.354,0.000,223.485,222.800,42.52,47.70
7140,40.926,0.000,223.480,222.800,42.52,47.70
7170,40.503,0.000,223.476,222.800,42.52,47.70
7200,40.087,0.000,223.471,222.800,42.52,47.70
7230,39.676,0.000,223.466,222.800,42.52,47.70
7260,39.271,0.000,223.462,222.800,42.52,47.70
7290,38.871,0.000,223.457,222.800,42.52,47.70
7320,38.476,0.000,223.453,222.800,42.52,47.70
7350,38.087,0.000,223.449,222.800,42.52,47.70
7380,37.703,0.000,223.444,222.800,42.52,47.70
7410,37.324,0.000,223.440,222.800,42.52,47.70
7440,36.950,0.000,223.436,222.800,42.52,47.70
7470,36.581,0.000,223.431,222.800,42.52,47.70
7500,36.217,0.000,223.427,222.800,42.52,47.70
7530,35.858,0.000,223.423,222.800,42.52,47.70
7560,35.503,0.000,223.419,222.800,42.52,47.70
7590,35.153,0.000,223.415,222.800,42.52,47.70
7620,34.807,0.000,223.411,222.800,42.52,47.70
7650,34.466,0.000,223.407,222.800,42.52,47.70
7680,34.130,0.000,223.403,222.800,42.52,47.70
7710,33.797,0.000,223.399,222.800,42.52,47.70
7740,33.469,0.000,223.395,222.800,42.52,47.70
7770,33.145,0.000,223.392,222.800,42.52,47.70
7800,32.826,0.000,223.388,222.800,42.52,47.70
7830,32.510,0.000,223.384,222.800,42.52,47.70
7860,32.198,0.000,223.380,222.800,42.52,47.70
7890,31.890,0.000,223.377,222.800,42.52,47.70
7920,31.587,0.000,223.373,222.800,42.52,47.70
7950,31.287,0.000,223.369,222.800,42.52,47.70
7980,30.990,0.000,223.366,222.800,42.52,47.70
8010,30.698,0.000,223.362,222.800,42.52,47.70
8040,30.409,0.000,223.359,222.800,42.52,47.70
8070,30.123,0.000,223.355,222.800,42.52,47.70
8100,29.842,0.000,223.352,222.800,42.52,47.70
8130,29.563,0.000,223.348,222.800,42.52,47.70
8160,29.288,0.000,223.345,222.800,42.52,47.70
8190,29.017,0.000,223.342,222.800,42.52,47.70
8220,28.748,0.000,223.338,222.800,42.52,47.70
8250,28.484,0.000,223.335,222.800,42.52,47.70
8280,28.222,0.000,223.332,222.800,42.52,47.70
8310,27.963,0.000,223.328,222.800,42.52,47.70
8340,27.708,0.000,223.325,222.800,42.52,47.70
8370,27.455,0.000,223.322,222.800,42.52,47.70
8400,27.206,0.000,223.319,222.800,42.52,47.70
8430,26.960,0.000,223.316,222.800,42.52,47.70
8460,26.716,0.000,223.313,222.800,42.52,47.70
8490,26.476,0.000,223.310,222.800,42.52,47.70
8520,26.238,0.000,223.307,222.800,42.52,47.70
8550,26.003,0.000,223.304,222.800,42.52,47.70
8580,25.771,0.000,223.301,222.800,42.52,47.70
8610,25.542,0.000,223.298,222.800,42.52,47.70
8640,25.315,0.000,223.295,222.800,42.52,47.70
8670,25.091,0.000,223.292,222.800,42.52,47.70
8700,24.870,0.000,223.289,222.800,42.52,47.70
8730,24.651,0.000,223.286,222.800,42.52,47.70
8760,24.435,0.000,223.283,222.800,42.52,47.70
8790,24.221,0.000,223.280,222.800,42.52,47.70
8820,24.010,0.000,223.278,222.800,42.52,47.70
8850,23.801,0.000,223.275,222.800,42.52,47.70
8880,23.594,0.000,223.272,222.800,42.52,47.70
8910,23.390,0.000,223.269,222.800,42.52,47.70
8940,23.189,0.000,223.267,222.800,42.52,47.70
8970,22.989,0.000,223.264,222.800,42.52,47.70
9000,22.792,0.000,223.261,222.800,42.52,47.70
9030,22.597,0.000,223.259,222.800,42.52,47.70
9060,22.404,0.000,223.256,222.800,42.52,47.70
9090,22.214,0.000,223.254,222.800,42.52,47.70
9120,22.025,0.000,223.251,222.800,42.52,47.70
9150,21.839,0.000,223.248,222.800,42.52,47.70
9180,21.655,0.000,223.246,222.800,42.52,47.70
9210,21.472,0.000,223.243,222.800,42.52,47.70
9240,21.292,0.000,223.241,222.800,42.52,47.70
9270,21.114,0.000,223.239,222.800,42.52,47.70
9300,20.938,0.000,223.236,222.800,42.52,47.70
9330,20.764,0.000,223.234,222.800,42.52,47.70
9360,20.591,0.000,223.231,222.800,42.52,47.70
9390,20.421,0.000,223.229,222.800,42.52,47.70
9420,20.252,0.000,223.227,222.800,42.52,47.70
9450,20.085,0.000,223.224,222.800,42.52,47.70
9480,19.920,0.000,223.222,222.800,42.52,47.70
9510,19.757,0.000,223.220,222.800,42.52,47.70
9540,19.596,0.000,223.217,222.800,42.52,47.70
9570,19.436,0.000,223.215,222.800,42.52,47.70
9600,19.278,0.000,223.213,222.800,42.52,47.70
9630,19.122,0.000,223.211,222.800,42.52,47.70
9660,18.968,0.000,223.208,222.800,42.52,47.70
9690,18.815,0.000,223.206,222.800,42.52,47.70
9720,18.663,0.000,223.204,222.800,42.52,47.70
9750,18.514,0.000,223.202,222.800,42.52,47.70
9780,18.366,0.000,223.200,222.800,42.52,47.70
9810,18.219,0.000,223.198,222.800,42.52,47.70
9840,18.074,0.000,223.196,222.800,42.52,47.70
9870,17.931,0.000,223.193,222.800,42.52,47.70
9900,17.789,0.000,223.191,222.800,42.52,47.70
9930,17.648,0.000,223.189,222.800,42.52,47.70
9960,17.509,0.000,223.187,222.800,42.52,47.70
9990,17.372,0.000,223.185,222.800,42.52,47.70
10020,17.236,0.000,223.183,222.800,42.52,47.70
10050,17.101,0.000,223.181,222.800,42.52,47.70
10080,16.968,0.000,223.179,222.800,42.52,47.70
10110,16.836,0.000,223.177,222.800,42.52,47.70
10140,16.705,0.000,223.175,222.800,42.52,47.70
10170,16.576,0.000,223.173,222.800,42.52,47.70
10200,16.448,0.000,223.171,222.800,42.52,47.70
10230,16.321,0.000,223.170,222.800,42.52,47.70
10260,16.196,0.000,223.168,222.800,42.52,47.70
10290,16.072,0.000,223.166,222.800,42.52,47.70
10320,15.949,0.000,223.164,222.800,42.52,47.70
10350,15.828,0.000,223.162,222.800,42.52,47.70
10380,15.707,0.000,223.160,222.800,42.52,47.70
10410,15.588,0.000,223.158,222.800,42.52,47.70
10440,15.470,0.000,223.157,222.800,42.52,47.70
10470,15.354,0.000,223.155,222.800,42.52,47.70
10500,15.238,0.000,223.153,222.800,42.52,47.70
10530,15.124,0.000,223.151,222.800,42.52,47.70
10560,15.010,0.000,223.150,222.800,42.52,47.70
10590,14.898,0.000,223.148,222.800,42.52,47.70
10620,14.787,0.000,223.146,222.800,42.52,47.70
10650,14.677,0.000,223.144,222.800,42.52,47.70
10680,14.568,0.000,223.143,222.800,42.52,47.70
10710,14.460,0.000,223.141,222.800,42.52,47.70
10740,14.354,0.000,223.139,222.800,42.52,47.70
10770,14.248,0.000,223.138,222.800,42.52,47.70
10800,14.143,0.000,223.136,222.800,42.52,47.70
10830,14.040,0.000,223.134,222.800,42.52,47.70
10860,13.937,0.000,223.133,222.800,42.52,47.70
10890,13.835,0.000,223.131,222.800,42.52,47.70
10920,13.735,0.000,223.130,222.800,42.52,47.70
10950,13.635,0.000,223.128,222.800,42.52,47.70
10980,13.536,0.000,223.126,222.800,42.52,47.70
11010,13.438,0.000,223.125,222.800,42.52,47.70
11040,13.341,0.000,223.123,222.800,42.52,47.70
11070,13.245,0.000,223.122,222.800,42.52,47.70
11100,13.150,0.000,223.120,222.800,42.52,47.70
11130,13.056,0.000,223.119,222.800,42.52,47.70
11160,12.963,0.000,223.117,222.800,42.52,47.70
11190,12.871,0.000,223.116,222.800,42.52,47.70
11220,12.779,0.000,223.114,222.800,42.52,47.70
11250,12.689,0.000,223.113,222.800,42.52,47.70
11280,12.599,0.000,223.111,222.800,42.52,47.70
11310,12.510,0.000,223.110,222.800,42.52,47.70
11340,12.422,0.000,223.108,222.800,42.52,47.70
11370,12.334,0.000,223.107,222.800,42.52,47.70
11400,12.248,0.000,223.105,222.800,42.52,47.70
11430,12.162,0.000,223.104,222.800,42.52,47.70
11460,12.077,0.000,223.103,222.800,42.52,47.70
11490,11.993,0.000,223.101,222.800,42.52,47.70
11520,11.910,0.000,223.100,222.800,42.52,47.70
11550,11.827,0.000,223.098,222.800,42.52,47.70
11580,11.746,0.000,223.097,222.800,42.52,47.70
11610,11.665,0.000,223.096,222.800,42.52,47.70
11640,11.584,0.000,223.094,222.800,42.52,47.70
11670,11.505,0.000,223.093,222.800,42.52,47.70
11700,11.426,0.000,223.092,222.800,42.52,47.70
11730,11.348,0.000,223.090,222.800,42.52,47.70
11760,11.270,0.000,223.089,222.800,42.52,47.70
11790,11.194,0.000,223.088,222.800,42.52,47.70
11820,11.118,0.000,223.086,222.800,42.52,47.70
11850,11.042,0.000,223.085,222.800,42.52,47.70
11880,10.968,0.000,223.084,222.800,42.52,47.70
11910,10.894,0.000,223.082,222.800,42.52,47.70
11940,10.820,0.000,223.081,222.800,42.52,47.70
11970,10.748,0.000,223.080,222.800,42.52,47.70
12000,10.676,0.000,223.079,222.800,42.52,47.70
12030,10.604,0.000,223.077,222.800,42.52,47.70
12060,10.533,0.000,223.076,222.800,42.52,47.70
12090,10.463,0.000,223.075,222.800,42.52,47.70
12120,10.394,0.000,223.074,222.800,42.52,47.70
12150,10.325,0.000,223.073,222.800,42.52,47.70
12180,10.256,0.000,223.071,222.800,42.52,47.70
12210,10.189,0.000,223.070,222.800,42.52,47.70
12240,10.122,0.000,223.069,222.800,42.52,47.70
12270,10.055,0.000,223.068,222.800,42.52,47.70
12300,9.989,0.000,223.067,222.800,42.52,47.70
12330,9.924,0.000,223.066,222.800,42.52,47.70
12360,9.859,0.000,223.064,222.800,42.52,47.70
12390,9.795,0.000,223.063,222.800,42.52,47.70
12420,9.731,0.000,223.062,222.800,42.52,47.70
12450,9.668,0.000,223.061,222.800,42.52,47.70
12480,9.605,0.000,223.060,222.800,42.52,47.70
12510,9.543,0.000,223.059,222.800,42.52,47.70
12540,9.482,0.000,223.058,222.800,42.52,47.70
12570,9.421,0.000,223.056,222.800,42.52,47.70
12600,9.360,0.000,223.055,222.800,42.52,47.70
12630,9.300,0.000,223.054,222.800,42.52,47.70
12660,9.241,0.000,223.053,222.800,42.52,47.70
12690,9.182,0.000,223.052,222.800,42.52,47.70
12720,9.123,0.000,223.051,222.800,42.52,47.70
12750,9.065,0.000,223.050,222.800,42.52,47.70
12780,9.008,0.000,223.049,222.800,42.52,47.70
12810,8.951,0.000,223.048,222.800,42.52,47.70
12840,8.894,0.000,223.047,222.800,42.52,47.70
12870,8.838,0.000,223.046,222.800,42.52,47.70
12900,8.783,0.000,223.045,222.800,42.52,47.70
12930,8.728,0.000,223.044,222.800,42.52,47.70
12960,8.673,0.000,223.043,222.800,42.52,47.70
12990,8.619,0.000,223.042,222.800,42.52,47.70
13020,8.565,0.000,223.041,222.800,42.52,47.70
13050,8.512,0.000,223.040,222.800,42.52,47.70
13080,8.459,0.000,223.039,222.800,42.52,47.70
13110,8.406,0.000,223.038,222.800,42.52,47.70
13140,8.354,0.000,223.037,222.800,42.52,47.70
13170,8.303,0.000,223.036,222.800,42.52,47.70
13200,8.252,0.000,223.035,222.800,42.52,47.70
13230,8.201,0.000,223.034,222.800,42.52,47.70
13260,8.151,0.000,223.033,222.800,42.52,47.70
13290,8.101,0.000,223.032,222.800,42.52,47.70
13320,8.051,0.000,223.031,222.800,42.52,47.70
13350,8.002,0.000,223.030,222.800,42.52,47.70
13380,7.953,0.000,223.029,222.800,42.52,47.70
13410,7.905,0.000,223.028,222.800,42.52,47.70
13440,7.857,0.000,223.027,222.800,42.52,47.70
13470,7.810,0.000,223.026,222.800,42.52,47.70
13500,7.762,0.000,223.025,222.800,42.52,47.70
13530,7.716,0.000,223.025,222.800,42.52,47.70
13560,7.669,0.000,223.024,222.800,42.52,47.70
13590,7.623,0.000,223.023,222.800,42.52,47.70
13620,7.578,0.000,223.022,222.800,42.52,47.70
13650,7.532,0.000,223.021,222.800,42.52,47.70
13680,7.487,0.000,223.020,222.800,42.52,47.70
13710,7.443,0.000,223.019,222.800,42.52,47.70
13740,7.399,0.000,223.018,222.800,42.52,47.70
13770,7.355,0.000,223.018,222.800,42.52,47.70
13800,7.311,0.000,223.017,222.800,42.52,47.70
13830,7.268,0.000,223.016,222.800,42.52,47.70
13860,7.225,0.000,223.015,222.800,42.52,47.70
13890,7.182,0.000,223.014,222.800,42.52,47.70
13920,7.140,0.000,223.013,222.800,42.52,47.70
13950,7.098,0.000,223.012,222.800,42.52,47.70
13980,7.057,0.000,223.012,222.800,42.52,47.70
14010,7.016,0.000,223.011,222.800,42.52,47.70
14040,6.975,0.000,223.010,222.800,42.52,47.70
14070,6.934,0.000,223.009,222.800,42.52,47.70
14100,6.894,0.000,223.008,222.800,42.52,47.70
14130,6.854,0.000,223.008,222.800,42.52,47.70
14160,6.814,0.000,223.007,222.800,42.52,47.70
14190,6.775,0.000,223.006,222.800,42.52,47.70
14220,6.736,0.000,223.005,222.800,42.52,47.70
14250,6.697,0.000,223.004,222.800,42.52,47.70
14280,6.659,0.000,223.004,222.800,42.52,47.70
14310,6.620,0.000,223.003,222.800,42.52,47.70
14340,6.583,0.000,223.002,222.800,42.52,47.70
14370,6.545,0.000,223.001,222.800,42.52,47.70
14400,6.508,0.000,223.001,222.800,42.52,47.70
14430,6.471,0.000,223.000,222.800,42.52,47.70
14460,6.434,0.000,222.999,222.800,42.52,47.70
14490,6.398,0.000,222.998,222.800,42.52,47.70
14520,6.361,0.000,222.998,222.800,42.52,47.70
14550,6.325,0.000,222.997,222.800,42.52,47.70
14580,6.290,0.000,222.996,222.800,42.52,47.70
14610,6.254,0.000,222.995,222.800,42.52,47.70
14640,6.219,0.000,222.995,222.800,42.52,47.70
14670,6.184,0.000,222.994,222.800,42.52,47.70
14700,6.150,0.000,222.993,222.800,42.52,47.70
14730,6.115,0.000,222.992,222.800,42.52,47.70
14760,6.081,0.000,222.992,222.800,42.52,47.70
14790,6.048,0.000,222.991,222.800,42.52,47.70
14820,6.014,0.000,222.990,222.800,42.52,47.70
14850,5.981,0.000,222.990,222.800,42.52,47.70
14880,5.948,0.000,222.989,222.800,42.52,47.70
14910,5.915,0.000,222.988,222.800,42.52,47.70
14940,5.882,0.000,222.987,222.800,42.52,47.70
14970,5.850,0.000,222.987,222.800,42.52,47.70
15000,5.818,0.000,222.986,222.800,42.52,47.70
15030,5.786,0.000,222.985,222.800,42.52,47.70
15060,5.754,0.000,222.985,222.800,42.52,47.70
15090,5.723,0.000,222.984,222.800,42.52,47.70
15120,5.691,0.000,222.983,222.800,42.52,47.70
15150,5.660,0.000,222.983,222.800,42.52,47.70
15180,5.630,0.000,222.982,222.800,42.52,47.70
15210,5.599,0.000,222.981,222.800,42.52,47.70
15240,5.569,0.000,222.981,222.800,42.52,47.70
15270,5.539,0.000,222.980,222.800,42.52,47.70
15300,5.509,0.000,222.979,222.800,42.52,47.70
15330,5.479,0.000,222.979,222.800,42.52,47.70
15360,5.450,0.000,222.978,222.800,42.52,47.70
15390,5.420,0.000,222.978,222.800,42.52,47.70
15420,5.391,0.000,222.977,222.800,42.52,47.70
15450,5.363,0.000,222.976,222.800,42.52,47.70
15480,5.334,0.000,222.976,222.800,42.52,47.70
15510,5.306,0.000,222.975,222.800,42.52,47.70
15540,5.277,0.000,222.974,222.800,42.52,47.70
15570,5.249,0.000,222.974,222.800,42.52,47.70
15600,5.221,0.000,222.973,222.800,42.52,47.70
15630,5.194,0.000,222.973,222.800,42.52,47.70
15660,5.166,0.000,222.972,222.800,42.52,47.70
15690,5.139,0.000,222.971,222.800,42.52,47.70
15720,5.112,0.000,222.971,222.800,42.52,47.70
15750,5.085,0.000,222.970,222.800,42.52,47.70
15780,5.059,0.000,222.970,222.800,42.52,47.70
15810,5.032,0.000,222.969,222.800,42.52,47.70
15840,5.006,0.000,222.968,222.800,42.52,47.70
15870,4.980,0.000,222.968,222.800,42.52,47.70
15900,4.954,0.000,222.967,222.800,42.52,47.70
15930,4.928,0.000,222.967,222.800,42.52,47.70
15960,4.902,0.000,222.966,222.800,42.52,47.70
15990,4.877,0.000,222.965,222.800,42.52,47.70
16020,4.852,0.000,222.965,222.800,42.52,47.70
16050,4.827,0.000,222.964,222.800,42.52,47.70
16080,4.802,0.000,222.964,222.800,42.52,47.70
16110,4.777,0.000,222.963,222.800,42.52,47.70
16140,4.753,0.000,222.963,222.800,42.52,47.70
16170,4.728,0.000,222.962,222.800,42.52,47.70
16200,4.704,0.000,222.962,222.800,42.52,47.70
16230,4.680,0.000,222.961,222.800,42.52,47.70
16260,4.656,0.000,222.960,222.800,42.52,47.70
16290,4.632,0.000,222.960,222.800,42.52,47.70
16320,4.609,0.000,222.959,222.800,42.52,47.70
16350,4.585,0.000,222.959,222.800,42.52,47.70
16380,4.562,0.000,222.958,222.800,42.52,47.70
16410,4.539,0.000,222.958,222.800,42.52,47.70
16440,4.516,0.000,222.957,222.800,42.52,47.70
16470,4.493,0.000,222.957,222.800,42.52,47.70
16500,4.471,0.000,222.956,222.800,42.52,47.70
16530,4.448,0.000,222.956,222.800,42.52,47.70
16560,4.426,0.000,222.955,222.800,42.52,47.70
16590,4.404,0.000,222.955,222.800,42.52,47.70
16620,4.382,0.000,222.954,222.800,42.52,47.70
16650,4.360,0.000,222.954,222.800,42.52,47.70
16680,4.338,0.000,222.953,222.800,42.52,47.70
16710,4.316,0.000,222.953,222.800,42.52,47.70
16740,4.295,0.000,222.952,222.800,42.52,47.70
16770,4.274,0.000,222.952,222.800,42.52,47.70
16800,4.252,0.000,222.951,222.800,42.52,47.70
16830,4.231,0.000,222.951,222.800,42.52,47.70
16860,4.210,0.000,222.950,222.800,42.52,47.70
16890,4.190,0.000,222.950,222.800,42.52,47.70
16920,4.169,0.000,222.949,222.800,42.52,47.70
16950,4.149,0.000,222.949,222.800,42.52,47.70
16980,4.128,0.000,222.948,222.800,42.52,47.70
17010,4.108,0.000,222.948,222.800,42.52,47.70
17040,4.088,0.000,222.947,222.800,42.52,47.70
17070,4.068,0.000,222.947,222.800,42.52,47.70
17100,4.048,0.000,222.946,222.800,42.52,47.70
17130,4.028,0.000,222.946,222.800,42.52,47.70
17160,4.009,0.000,222.945,222.800,42.52,47.70
17190,3.989,0.000,222.945,222.800,42.52,47.70
17220,3.970,0.000,222.944,222.800,42.52,47.70
17250,3.951,0.000,222.944,222.800,42.52,47.70
17280,3.932,0.000,222.943,222.800,42.52,47.70
17310,3.913,0.000,222.943,222.800,42.52,47.70
17340,3.894,0.000,222.942,222.800,42.52,47.70
17370,3.875,0.000,222.942,222.800,42.52,47.70
17400,3.857,0.000,222.942,222.800,42.52,47.70
17430,3.838,0.000,222.941,222.800,42.52,47.70
17460,3.820,0.000,222.941,222.800,42.52,47.70
17490,3.802,0.000,222.940,222.800,42.52,47.70
17520,3.784,0.000,222.940,222.800,42.52,47.70
17550,3.766,0.000,222.939,222.800,42.52,47.70
17580,3.748,0.000,222.939,222.800,42.52,47.70
17610,3.730,0.000,222.938,222.800,42.52,47.70
17640,3.712,0.000,222.938,222.800,42.52,47.70
17670,3.695,0.000,222.938,222.800,42.52,47.70
17700,3.677,0.000,222.937,222.800,42.52,47.70
17730,3.660,0.000,222.937,222.800,42.52,47.70
17760,3.643,0.000,222.936,222.800,42.52,47.70
17790,3.626,0.000,222.936,222.800,42.52,47.70
17820,3.609,0.000,222.935,222.800,42.52,47.70
17850,3.592,0.000,222.935,222.800,42.52,47.70
17880,3.575,0.000,222.935,222.800,42.52,47.70
17910,3.558,0.000,222.934,222.800,42.52,47.70
17940,3.542,0.000,222.934,222.800,42.52,47.70
17970,3.525,0.000,222.933,222.800,42.52,47.70
18000,3.509,0.000,222.933,222.800,42.52,47.70
18030,3.492,0.000,222.933,222.800,42.52,47.70
18060,3.476,0.000,222.932,222.800,42.52,47.70
18090,3.460,0.000,222.932,222.800,42.52,47.70
18120,3.444,0.000,222.931,222.800,42.52,47.70
18150,3.428,0.000,222.931,222.800,42.52,47.70
18180,3.412,0.000,222.930,222.800,42.52,47.70
18210,3.397,0.000,222.930,222.800,42.52,47.70
18240,3.381,0.000,222.930,222.800,42.52,47.70
18270,3.366,0.000,222.929,222.800,42.52,47.70
18300,3.350,0.000,222.929,222.800,42.52,47.70
18330,3.335,0.000,222.928,222.800,42.52,47.70
18360,3.320,0.000,222.928,222.800,42.52,47.70
18390,3.305,0.000,222.928,222.800,42.52,47.70
18420,3.289,0.000,222.927,222.800,42.52,47.70
18450,3.275,0.000,222.927,222.800,42.52,47.70
18480,3.260,0.000,222.927,222.800,42.52,47.70
18510,3.245,0.000,222.926,222.800,42.52,47.70
18540,3.230,0.000,222.926,222.800,42.52,47.70
18570,3.216,0.000,222.925,222.800,42.52,47.70
18600,3.201,0.000,222.925,222.800,42.52,47.70
18630,3.187,0.000,222.925,222.800,42.52,47.70
18660,3.172,0.000,222.924,222.800,42.52,47.70
18690,3.158,0.000,222.924,222.800,42.52,47.70
18720,3.144,0.000,222.924,222.800,42.52,47.70
18750,3.130,0.000,222.923,222.800,42.52,47.70
18780,3.116,0.000,222.923,222.800,42.52,47.70
18810,3.102,0.000,222.922,222.800,42.52,47.70
18840,3.088,0.000,222.922,222.800,42.52,47.70
18870,3.074,0.000,222.922,222.800,42.52,47.70
18900,3.061,0.000,222.921,222.800,42.52,47.70
18930,3.047,0.000,222.921,222.800,42.52,47.70
18960,3.034,0.000,222.921,222.800,42.52,47.70
18990,3.020,0.000,222.920,222.800,42.52,47.70
19020,3.007,0.000,222.920,222.800,42.52,47.70
19050,2.994,0.000,222.920,222.800,42.52,47.70
19080,2.980,0.000,222.919,222.800,42.52,47.70
19110,2.967,0.000,222.919,222.800,42.52,47.70
19140,2.954,0.000,222.919,222.800,42.52,47.70
19170,2.941,0.000,222.918,222.800,42.52,47.70
19200,2.928,0.000,222.918,222.800,42.52,47.70
19230,2.916,0.000,222.917,222.800,42.52,47.70
19260,2.903,0.000,222.917,222.800,42.52,47.70
19290,2.890,0.000,222.917,222.800,42.52,47.70
19320,2.878,0.000,222.916,222.800,42.52,47.70
19350,2.865,0.000,222.916,222.800,42.52,47.70
19380,2.853,0.000,222.916,222.800,42.52,47.70
19410,2.840,0.000,222.915,222.800,42.52,47.70
19440,2.828,0.000,222.915,222.800,42.52,47.70
19470,2.816,0.000,222.915,222.800,42.52,47.70
19500,2.804,0.000,222.914,222.800,42.52,47.70
19530,2.792,0.000,222.914,222.800,42.52,47.70
19560,2.780,0.000,222.914,222.800,42.52,47.70
19590,2.768,0.000,222.913,222.800,42.52,47.70
19620,2.756,0.000,222.913,222.800,42.52,47.70
19650,2.744,0.000,222.913,222.800,42.52,47.70
19680,2.732,0.000,222.913,222.800,42.52,47.70
19710,2.720,0.000,222.912,222.800,42.52,47.70
19740,2.709,0.000,222.912,222.800,42.52,47.70
19770,2.697,0.000,222.912,222.800,42.52,47.70
19800,2.686,0.000,222.911,222.800,42.52,47.70
19830,2.674,0.000,222.911,222.800,42.52,47.70
19860,2.663,0.000,222.911,222.800,42.52,47.70
19890,2.652,0.000,222.910,222.800,42.52,47.70
19920,2.641,0.000,222.910,222.800,42.52,47.70
19950,2.629,0.000,222.910,222.800,42.52,47.70
19980,2.618,0.000,222.909,222.800,42.52,47.70
20010,2.607,0.000,222.909,222.800,42.52,47.70
20040,2.596,0.000,222.909,222.800,42.52,47.70
20070,2.585,0.000,222.908,222.800,42.52,47.70
20100,2.575,0.000,222.908,222.800,42.52,47.70
20130,2.564,0.000,222.908,222.800,42.52,47.70
20160,2.553,0.000,222.908,222.800,42.52,47.70
20190,2.542,0.000,222.907,222.800,42.52,47.70
20220,2.532,0.000,222.907,222.800,42.52,47.70
20250,2.521,0.000,222.907,222.800,42.52,47.70
20280,2.511,0.000,222.906,222.800,42.52,47.70
20310,2.500,0.000,222.906,222.800,42.52,47.70
20340,2.490,0.000,222.906,222.800,42.52,47.70
20370,2.480,0.000,222.905,222.800,42.52,47.70
20400,2.469,0.000,222.905,222.800,42.52,47.70
20430,2.459,0.000,222.905,222.800,42.52,47.70
20460,2.449,0.000,222.905,222.800,42.52,47.70
20490,2.439,0.000,222.904,222.800,42.52,47.70
20520,2.429,0.000,222.904,222.800,42.52,47.70
20550,2.419,0.000,222.904,222.800,42.52,47.70
20580,2.409,0.000,222.903,222.800,42.52,47.70
20610,2.399,0.000,222.903,222.800,42.52,47.70
20640,2.389,0.000,222.903,222.800,42.52,47.70
20670,2.379,0.000,222.903,222.800,42.52,47.70
20700,2.370,0.000,222.902,222.800,42.52,47.70
20730,2.360,0.000,222.902,222.800,42.52,47.70
20760,2.350,0.000,222.902,222.800,42.52,47.70
20790,2.341,0.000,222.902,222.800,42.52,47.70
20820,2.331,0.000,222.901,222.800,42.52,47.70
20850,2.322,0.000,222.901,222.800,42.52,47.70
20880,2.312,0.000,222.901,222.800,42.52,47.70
20910,2.303,0.000,222.900,222.800,42.52,47.70
20940,2.294,0.000,222.900,222.800,42.52,47.70
20970,2.285,0.000,222.900,222.800,42.52,47.70
21000,2.275,0.000,222.900,222.800,42.52,47.70
21030,2.266,0.000,222.899,222.800,42.52,47.70
21060,2.257,0.000,222.899,222.800,42.52,47.70
21090,2.248,0.000,222.899,222.800,42.52,47.70
21120,2.239,0.000,222.899,222.800,42.52,47.70
21150,2.230,0.000,222.898,222.800,42.52,47.70
21180,2.221,0.000,222.898,222.800,42.52,47.70
21210,2.212,0.000,222.898,222.800,42.52,47.70
21240,2.203,0.000,222.898,222.800,42.52,47.70
21270,2.195,0.000,222.897,222.800,42.52,47.70
21300,2.186,0.000,222.897,222.800,42.52,47.70
21330,2.177,0.000,222.897,222.800,42.52,47.70
21360,2.169,0.000,222.896,222.800,42.52,47.70
21390,2.160,0.000,222.896,222.800,42.52,47.70
21420,2.151,0.000,222.896,222.800,42.52,47.70
21450,2.143,0.000,222.896,222.800,42.52,47.70
21480,2.135,0.000,222.895,222.800,42.52,47.70
21510,2.126,0.000,222.895,222.800,42.52,47.70
21540,2.118,0.000,222.895,222.800,42.52,47.70
21570,2.109,0.000,222.895,222.800,42.52,47.70
21600,2.101,0.000,222.894,222.800,42.52,47.70
21630,2.093,0.000,222.894,222.800,42.52,47.70
21660,2.085,0.000,222.894,222.800,42.52,47.70
21690,2.077,0.000,222.894,222.800,42.52,47.70
21720,2.068,0.000,222.893,222.800,42.52,47.70
21750,2.060,0.000,222.893,222.800,42.52,47.70
21780,2.052,0.000,222.893,222.800,42.52,47.70
21810,2.044,0.000,222.893,222.800,42.52,47.70
21840,2.036,0.000,222.893,222.800,42.52,47.70
21870,2.029,0.000,222.892,222.800,42.52,47.70
21900,2.021,0.000,222.892,222.800,42.52,47.70
21930,2.013,0.000,222.892,222.800,42.52,47.70
21960,2.005,0.000,222.892,222.800,42.52,47.70
21990,1.997,0.000,222.891,222.800,42.52,47.70
22020,1.990,0.000,222.891,222.800,42.52,47.70
22050,1.982,0.000,222.891,222.800,42.52,47.70
22080,1.974,0.000,222.891,222.800,42.52,47.70
22110,1.967,0.000,222.890,222.800,42.52,47.70
22140,1.959,0.000,222.890,222.800,42.52,47.70
22170,1.952,0.000,222.890,222.800,42.52,47.70
22200,1.944,0.000,222.890,222.800,42.52,47.70
22230,1.937,0.000,222.889,222.800,42.52,47.70
22260,1.929,0.000,222.889,222.800,42.52,47.70
22290,1.922,0.000,222.889,222.800,42.52,47.70
22320,1.915,0.000,222.889,222.800,42.52,47.70
22350,1.908,0.000,222.889,222.800,42.52,47.70
22380,1.900,0.000,222.888,222.800,42.52,47.70
22410,1.893,0.000,222.888,222.800,42.52,47.70
22440,1.886,0.000,222.888,222.800,42.52,47.70
22470,1.879,0.000,222.888,222.800,42.52,47.70
22500,1.872,0.000,222.887,222.800,42.52,47.70
22530,1.865,0.000,222.887,222.800,42.52,47.70
22560,1.858,0.000,222.887,222.800,42.52,47.70
22590,1.851,0.000,222.887,222.800,42.52,47.70
22620,1.844,0.000,222.887,222.800,42.52,47.70
22650,1.837,0.000,222.886,222.800,42.52,47.70
22680,1.830,0.000,222.886,222.800,42.52,47.70
22710,1.823,0.000,222.886,222.800,42.52,47.70
22740,1.816,0.000,222.886,222.800,42.52,47.70
22770,1.809,0.000,222.886,222.800,42.52,47.70
22800,1.803,0.000,222.885,222.800,42.52,47.70
22830,1.796,0.000,222.885,222.800,42.52,47.70
22860,1.789,0.000,222.885,222.800,42.52,47.70
22890,1.783,0.000,222.885,222.800,42.52,47.70
22920,1.776,0.000,222.884,222.800,42.52,47.70
22950,1.769,0.000,222.884,222.800,42.52,47.70
22980,1.763,0.000,222.884,222.800,42.52,47.70
23010,1.756,0.000,222.884,222.800,42.52,47.70
23040,1.750,0.000,222.884,222.800,42.52,47.70
23070,1.743,0.000,222.883,222.800,42.52,47.70
23100,1.737,0.000,222.883,222.800,42.52,47.70
23130,1.731,0.000,222.883,222.800,42.52,47.70
23160,1.724,0.000,222.883,222.800,42.52,47.70
23190,1.718,0.000,222.883,222.800,42.52,47.70
23220,1.712,0.000,222.882,222.800,42.52,47.70
23250,1.705,0.000,222.882,222.800,42.52,47.70
23280,1.699,0.000,222.882,222.800,42.52,47.70
23310,1.693,0.000,222.882,222.800,42.52,47.70
23340,1.687,0.000,222.882,222.800,42.52,47.70
23370,1.681,0.000,222.881,222.800,42.52,47.70
23400,1.674,0.000,222.881,222.800,42.52,47.70
23430,1.668,0.000,222.881,222.800,42.52,47.70
23460,1.662,0.000,222.881,222.800,42.52,47.70
23490,1.656,0.000,222.881,222.800,42.52,47.70
23520,1.650,0.000,222.880,222.800,42.52,47.70
23550,1.644,0.000,222.880,222.800,42.52,47.70
23580,1.638,0.000,222.880,222.800,42.52,47.70
23610,1.632,0.000,222.880,222.800,42.52,47.70
23640,1.627,0.000,222.880,222.800,42.52,47.70
23670,1.621,0.000,222.879,222.800,42.52,47.70
23700,1.615,0.000,222.879,222.800,42.52,47.70
23730,1.609,0.000,222.879,222.800,42.52,47.70
23760,1.603,0.000,222.879,222.800,42.52,47.70
23790,1.597,0.000,222.879,222.800,42.52,47.70
23820,1.592,0.000,222.879,222.800,42.52,47.70
23850,1.586,0.000,222.878,222.800,42.52,47.70
23880,1.580,0.000,222.878,222.800,42.52,47.70
23910,1.575,0.000,222.878,222.800,42.52,47.70
23940,1.569,0.000,222.878,222.800,42.52,47.70
23970,1.564,0.000,222.878,222.800,42.52,47.70
24000,1.558,0.000,222.877,222.800,42.52,47.70
24030,1.552,0.000,222.877,222.800,42.52,47.70
24060,1.547,0.000,222.877,222.800,42.52,47.70
24090,1.542,0.000,222.877,222.800,42.52,47.70
24120,1.536,0.000,222.877,222.800,42.52,47.70
24150,1.531,0.000,222.876,222.800,42.52,47.70
24180,1.525,0.000,222.876,222.800,42.52,47.70
24210,1.520,0.000,222.876,222.800,42.52,47.70
24240,1.514,0.000,222.876,222.800,42.52,47.70
24270,1.509,0.000,222.876,222.800,42.52,47.70
24300,1.504,0.000,222.876,222.800,42.52,47.70
24330,1.499,0.000,222.875,222.800,42.52,47.70
24360,1.493,0.000,222.875,222.800,42.52,47.70
24390,1.488,0.000,222.875,222.800,42.52,47.70
24420,1.483,0.000,222.875,222.800,42.52,47.70
24450,1.478,0.000,222.875,222.800,42.52,47.70
24480,1.473,0.000,222.875,222.800,42.52,47.70
24510,1.467,0.000,222.874,222.800,42.52,47.70
24540,1.462,0.000,222.874,222.800,42.52,47.70
24570,1.457,0.000,222.874,222.800,42.52,47.70
24600,1.452,0.000,222.874,222.800,42.52,47.70
24630,1.447,0.000,222.874,222.800,42.52,47.70
24660,1.442,0.000,222.874,222.800,42.52,47.70
24690,1.437,0.000,222.873,222.800,42.52,47.70
24720,1.432,0.000,222.873,222.800,42.52,47.70
24750,1.427,0.000,222.873,222.800,42.52,47.70
24780,1.422,0.000,222.873,222.800,42.52,47.70
24810,1.417,0.000,222.873,222.800,42.52,47.70
24840,1.413,0.000,222.873,222.800,42.52,47.70
24870,1.408,0.000,222.872,222.800,42.52,47.70
24900,1.403,0.000,222.872,222.800,42.52,47.70
24930,1.398,0.000,222.872,222.800,42.52,47.70
24960,1.393,0.000,222.872,222.800,42.52,47.70
24990,1.388,0.000,222.872,222.800,42.52,47.70
25020,1.384,0.000,222.872,222.800,42.52,47.70
25050,1.379,0.000,222.871,222.800,42.52,47.70
25080,1.374,0.000,222.871,222.800,42.52,47.70
25110,1.370,0.000,222.871,222.800,42.52,47.70
25140,1.365,0.000,222.871,222.800,42.52,47.70
25170,1.360,0.000,222.871,222.800,42.52,47.70
25200,1.356,0.000,222.871,222.800,42.52,47.70
25230,1.351,0.000,222.870,222.800,42.52,47.70
25260,1.347,0.000,222.870,222.800,42.52,47.70
25290,1.342,0.000,222.870,222.800,42.52,47.70
25320,1.337,0.000,222.870,222.800,42.52,47.70
25350,1.333,0.000,222.870,222.800,42.52,47.70
25380,1.328,0.000,222.870,222.800,42.52,47.70
25410,1.324,0.000,222.869,222.800,42.52,47.70
25440,1.320,0.000,222.869,222.800,42.52,47.70
25470,1.315,0.000,222.869,222.800,42.52,47.70
25500,1.311,0.000,222.869,222.800,42.52,47.70
25530,1.306,0.000,222.869,222.800,42.52,47.70
25560,1.302,0.000,222.869,222.800,42.52,47.70
25590,1.298,0.000,222.869,222.800,42.52,47.70
25620,1.293,0.000,222.868,222.800,42.52,47.70
25650,1.289,0.000,222.868,222.800,42.52,47.70
25680,1.285,0.000,222.868,222.800,42.52,47.70
25710,1.280,0.000,222.868,222.800,42.52,47.70
25740,1.276,0.000,222.868,222.800,42.52,47.70
25770,1.272,0.000,222.868,222.800,42.52,47.70
25800,1.268,0.000,222.867,222.800,42.52,47.70
25830,1.263,0.000,222.867,222.800,42.52,47.70
25860,1.259,0.000,222.867,222.800,42.52,47.70
25890,1.255,0.000,222.867,222.800,42.52,47.70
25920,1.251,0.000,222.867,222.800,42.52,47.70
25950,1.247,0.000,222.867,222.800,42.52,47.70
25980,1.243,0.000,222.867,222.800,42.52,47.70
26010,1.239,0.000,222.866,222.800,42.52,47.70
26040,1.234,0.000,222.866,222.800,42.52,47.70
26070,1.230,0.000,222.866,222.800,42.52,47.70
26100,1.226,0.000,222.866,222.800,42.52,47.70
26130,1.222,0.000,222.866,222.800,42.52,47.70
26160,1.218,0.000,222.866,222.800,42.52,47.70
26190,1.214,0.000,222.866,222.800,42.52,47.70
26220,1.210,0.000,222.865,222.800,42.52,47.70
26250,1.206,0.000,222.865,222.800,42.52,47.70
26280,1.203,0.000,222.865,222.800,42.52,47.70
26310,1.199,0.000,222.865,222.800,42.52,47.70
26340,1.195,0.000,222.865,222.800,42.52,47.70
26370,1.191,0.000,222.865,222.800,42.52,47.70
26400,1.187,0.000,222.865,222.800,42.52,47.70
26430,1.183,0.000,222.864,222.800,42.52,47.70
26460,1.179,0.000,222.864,222.800,42.52,47.70
26490,1.175,0.000,222.864,222.800,42.52,47.70
26520,1.172,0.000,222.864,222.800,42.52,47.70
26550,1.168,0.000,222.864,222.800,42.52,47.70
26580,1.164,0.000,222.864,222.800,42.52,47.70
26610,1.160,0.000,222.864,222.800,42.52,47.70
26640,1.157,0.000,222.863,222.800,42.52,47.70
26670,1.153,0.000,222.863,222.800,42.52,47.70
26700,1.149,0.000,222.863,222.800,42.52,47.70
26730,1.145,0.000,222.863,222.800,42.52,47.70
26760,1.142,0.000,222.863,222.800,42.52,47.70
26790,1.138,0.000,222.863,222.800,42.52,47.70
26820,1.134,0.000,222.863,222.800,42.52,47.70
26850,1.131,0.000,222.863,222.800,42.52,47.70
26880,1.127,0.000,222.862,222.800,42.52,47.70
26910,1.124,0.000,222.862,222.800,42.52,47.70
26940,1.120,0.000,222.862,222.800,42.52,47.70
26970,1.117,0.000,222.862,222.800,42.52,47.70
27000,1.113,0.000,222.862,222.800,42.52,47.70
27030,1.109,0.000,222.862,222.800,42.52,47.70
27060,1.106,0.000,222.862,222.800,42.52,47.70
27090,1.102,0.000,222.861,222.800,42.52,47.70
27120,1.099,0.000,222.861,222.800,42.52,47.70
27150,1.095,0.000,222.861,222.800,42.52,47.70
27180,1.092,0.000,222.861,222.800,42.52,47.70
27210,1.089,0.000,222.861,222.800,42.52,47.70
27240,1.085,0.000,222.861,222.800,42.52,47.70
27270,1.082,0.000,222.861,222.800,42.52,47.70
27300,1.078,0.000,222.861,222.800,42.52,47.70
27330,1.075,0.000,222.860,222.800,42.52,47.70
27360,1.072,0.000,222.860,222.800,42.52,47.70
27390,1.068,0.000,222.860,222.800,42.52,47.70
27420,1.065,0.000,222.860,222.800,42.52,47.70
27450,1.061,0.000,222.860,222.800,42.52,47.70
27480,1.058,0.000,222.860,222.800,42.52,47.70
27510,1.055,0.000,222.860,222.800,42.52,47.70
27540,1.052,0.000,222.860,222.800,42.52,47.70
27570,1.048,0.000,222.859,222.800,42.52,47.70
27600,1.045,0.000,222.859,222.800,42.52,47.70
27630,1.042,0.000,222.859,222.800,42.52,47.70
27660,1.039,0.000,222.859,222.800,42.52,47.70
27690,1.035,0.000,222.859,222.800,42.52,47.70
27720,1.032,0.000,222.859,222.800,42.52,47.70
27750,1.029,0.000,222.859,222.800,42.52,47.70
27780,1.026,0.000,222.859,222.800,42.52,47.70
27810,1.023,0.000,222.858,222.800,42.52,47.70
27840,1.019,0.000,222.858,222.800,42.52,47.70
27870,1.016,0.000,222.858,222.800,42.52,47.70
27900,1.013,0.000,222.858,222.800,42.52,47.70
27930,1.010,0.000,222.858,222.800,42.52,47.70
27960,1.007,0.000,222.858,222.800,42.52,47.70
27990,1.004,0.000,222.858,222.800,42.52,47.70
28020,1.001,0.000,222.858,222.800,42.52,47.70
28050,0.998,0.000,222.858,222.800,42.52,47.70
28080,0.995,0.000,222.857,222.800,42.52,47.70
28110,0.992,0.000,222.857,222.800,42.52,47.70
28140,0.989,0.000,222.857,222.800,42.52,47.70
28170,0.985,0.000,222.857,222.800,42.52,47.70
28200,0.982,0.000,222.857,222.800,42.52,47.70
28230,0.979,0.000,222.857,222.800,42.52,47.70
28260,0.977,0.000,222.857,222.800,42.52,47.70
28290,0.974,0.000,222.857,222.800,42.52,47.70
28320,0.971,0.000,222.856,222.800,42.52,47.70
28350,0.968,0.000,222.856,222.800,42.52,47.70
28380,0.965,0.000,222.856,222.800,42.52,47.70
28410,0.962,0.000,222.856,222.800,42.52,47.70
28440,0.959,0.000,222.856,222.800,42.52,47.70
28470,0.956,0.000,222.856,222.800,42.52,47.70
28500,0.953,0.000,222.856,222.800,42.52,47.70
28530,0.950,0.000,222.856,222.800,42.52,47.70
28560,0.947,0.000,222.856,222.800,42.52,47.70
28590,0.944,0.000,222.855,222.800,42.52,47.70
28620,0.942,0.000,222.855,222.800,42.52,47.70
28650,0.939,0.000,222.855,222.800,42.52,47.70
28680,0.936,0.000,222.855,222.800,42.52,47.70
28710,0.933,0.000,222.855,222.800,42.52,47.70
28740,0.930,0.000,222.855,222.800,42.52,47.70
28770,0.928,0.000,222.855,222.800,42.52,47.70
28800,0.925,0.000,222.855,222.800,42.52,47.70
28830,0.922,0.000,222.855,222.800,42.52,47.70
28860,0.919,0.000,222.854,222.800,42.52,47.70
28890,0.917,0.000,222.854,222.800,42.52,47.70
28920,0.914,0.000,222.854,222.800,42.52,47.70
28950,0.911,0.000,222.854,222.800,42.52,47.70
28980,0.908,0.000,222.854,222.800,42.52,47.70
29010,0.906,0.000,222.854,222.800,42.52,47.70
29040,0.903,0.000,222.854,222.800,42.52,47.70
29070,0.900,0.000,222.854,222.800,42.52,47.70
29100,0.898,0.000,222.854,222.800,42.52,47.70
29130,0.895,0.000,222.854,222.800,42.52,47.70
29160,0.892,0.000,222.853,222.800,42.52,47.70
29190,0.890,0.000,222.853,222.800,42.52,47.70
29220,0.887,0.000,222.853,222.800,42.52,47.70
29250,0.885,0.000,222.853,222.800,42.52,47.70
29280,0.882,0.000,222.853,222.800,42.52,47.70
29310,0.879,0.000,222.853,222.800,42.52,47.70
29340,0.877,0.000,222.853,222.800,42.52,47.70
29370,0.874,0.000,222.853,222.800,42.52,47.70
29400,0.872,0.000,222.853,222.800,42.52,47.70
29430,0.869,0.000,222.852,222.800,42.52,47.70
29460,0.867,0.000,222.852,222.800,42.52,47.70
29490,0.864,0.000,222.852,222.800,42.52,47.70
29520,0.861,0.000,222.852,222.800,42.52,47.70
29550,0.859,0.000,222.852,222.800,42.52,47.70
29580,0.856,0.000,222.852,222.800,42.52,47.70
29610,0.854,0.000,222.852,222.800,42.52,47.70
29640,0.851,0.000,222.852,222.800,42.52,47.70
29670,0.849,0.000,222.852,222.800,42.52,47.70
29700,0.847,0.000,222.852,222.800,42.52,47.70
29730,0.844,0.000,222.851,222.800,42.52,47.70
29760,0.842,0.000,222.851,222.800,42.52,47.70
29790,0.839,0.000,222.851,222.800,42.52,47.70
29820,0.837,0.000,222.851,222.800,42.52,47.70
29850,0.834,0.000,222.851,222.800,42.52,47.70
29880,0.832,0.000,222.851,222.800,42.52,47.70
29910,0.830,0.000,222.851,222.800,42.52,47.70
29940,0.827,0.000,222.851,222.800,42.52,47.70
29970,0.825,0.000,222.851,222.800,42.52,47.70
30000,0.822,0.000,222.851,222.800,42.52,47.70
30030,0.820,0.000,222.850,222.800,42.52,47.70
30060,0.818,0.000,222.850,222.800,42.52,47.70
30090,0.815,0.000,222.850,222.800,42.52,47.70
30120,0.813,0.000,222.850,222.800,42.52,47.70
30150,0.811,0.000,222.850,222.800,42.52,47.70
30180,0.808,0.000,222.850,222.800,42.52,47.70
30210,0.806,0.000,222.850,222.800,42.52,47.70
30240,0.804,0.000,222.850,222.800,42.52,47.70
30270,0.801,0.000,222.850,222.800,42.52,47.70
30300,0.799,0.000,222.850,222.800,42.52,47.70
30330,0.797,0.000,222.850,222.800,42.52,47.70
30360,0.795,0.000,222.849,222.800,42.52,47.70
30390,0.792,0.000,222.849,222.800,42.52,47.70
30420,0.790,0.000,222.849,222.800,42.52,47.70
30450,0.788,0.000,222.849,222.800,42.52,47.70
30480,0.786,0.000,222.849,222.800,42.52,47.70
30510,0.783,0.000,222.849,222.800,42.52,47.70
30540,0.781,0.000,222.849,222.800,42.52,47.70
30570,0.779,0.000,222.849,222.800,42.52,47.70
30600,0.777,0.000,222.849,222.800,42.52,47.70
30630,0.775,0.000,222.849,222.800,42.52,47.70
30660,0.772,0.000,222.848,222.800,42.52,47.70
30690,0.770,0.000,222.848,222.800,42.52,47.70
30720,0.768,0.000,222.848,222.800,42.52,47.70
30750,0.766,0.000,222.848,222.800,42.52,47.70
30780,0.764,0.000,222.848,222.800,42.52,47.70
30810,0.762,0.000,222.848,222.800,42.52,47.70
30840,0.760,0.000,222.848,222.800,42.52,47.70
30870,0.757,0.000,222.848,222.800,42.52,47.70
30900,0.755,0.000,222.848,222.800,42.52,47.70
30930,0.753,0.000,222.848,222.800,42.52,47.70
30960,0.751,0.000,222.848,222.800,42.52,47.70
30990,0.749,0.000,222.848,222.800,42.52,47.70
31020,0.747,0.000,222.847,222.800,42.52,47.70
31050,0.745,0.000,222.847,222.800,42.52,47.70
31080,0.743,0.000,222.847,222.800,42.52,47.70
31110,0.741,0.000,222.847,222.800,42.52,47.70
31140,0.739,0.000,222.847,222.800,42.52,47.70
31170,0.737,0.000,222.847,222.800,42.52,47.70
31200,0.735,0.000,222.847,222.800,42.52,47.70
31230,0.732,0.000,222.847,222.800,42.52,47.70
31260,0.730,0.000,222.847,222.800,42.52,47.70
31290,0.728,0.000,222.847,222.800,42.52,47.70
31320,0.726,0.000,222.847,222.800,42.52,47.70
31350,0.724,0.000,222.846,222.800,42.52,47.70
31380,0.722,0.000,222.846,222.800,42.52,47.70
31410,0.720,0.000,222.846,222.800,42.52,47.70
31440,0.718,0.000,222.846,222.800,42.52,47.70
31470,0.717,0.000,222.846,222.800,42.52,47.70
31500,0.715,0.000,222.846,222.800,42.52,47.70
31530,0.713,0.000,222.846,222.800,42.52,47.70
31560,0.711,0.000,222.846,222.800,42.52,47.70
31590,0.709,0.000,222.846,222.800,42.52,47.70
31620,0.707,0.000,222.846,222.800,42.52,47.70
31650,0.705,0.000,222.846,222.800,42.52,47.70
31680,0.703,0.000,222.846,222.800,42.52,47.70
31710,0.701,0.000,222.845,222.800,42.52,47.70
31740,0.699,0.000,222.845,222.800,42.52,47.70
31770,0.697,0.000,222.845,222.800,42.52,47.70
31800,0.695,0.000,222.845,222.800,42.52,47.70
31830,0.693,0.000,222.845,222.800,42.52,47.70
31860,0.691,0.000,222.845,222.800,42.52,47.70
31890,0.690,0.000,222.845,222.800,42.52,47.70
31920,0.688,0.000,222.845,222.800,42.52,47.70
31950,0.686,0.000,222.845,222.800,42.52,47.70
31980,0.684,0.000,222.845,222.800,42.52,47.70
32010,0.682,0.000,222.845,222.800,42.52,47.70
32040,0.680,0.000,222.845,222.800,42.52,47.70
32070,0.679,0.000,222.844,222.800,42.52,47.70
32100,0.677,0.000,222.844,222.800,42.52,47.70
32130,0.675,0.000,222.844,222.800,42.52,47.70
32160,0.673,0.000,222.844,222.800,42.52,47.70
32190,0.671,0.000,222.844,222.800,42.52,47.70
32220,0.669,0.000,222.844,222.800,42.52,47.70
32250,0.668,0.000,222.844,222.800,42.52,47.70
32280,0.666,0.000,222.844,222.800,42.52,47.70
32310,0.664,0.000,222.844,222.800,42.52,47.70
32340,0.662,0.000,222.844,222.800,42.52,47.70
32370,0.661,0.000,222.844,222.800,42.52,47.70
32400,0.659,0.000,222.844,222.800,42.52,47.70
32430,0.657,0.000,222.844,222.800,42.52,47.70
32460,0.655,0.000,222.843,222.800,42.52,47.70
32490,0.653,0.000,222.843,222.800,42.52,47.70
32520,0.652,0.000,222.843,222.800,42.52,47.70
32550,0.650,0.000,222.843,222.800,42.52,47.70
32580,0.648,0.000,222.843,222.800,42.52,47.70
32610,0.647,0.000,222.843,222.800,42.52,47.70
32640,0.645,0.000,222.843,222.800,42.52,47.70
32670,0.643,0.000,222.843,222.800,42.52,47.70
32700,0.641,0.000,222.843,222.800,42.52,47.70
32730,0.640,0.000,222.843,222.800,42.52,47.70
32760,0.638,0.000,222.843,222.800,42.52,47.70
32790,0.636,0.000,222.843,222.800,42.52,47.70
32820,0.635,0.000,222.843,222.800,42.52,47.70
32850,0.633,0.000,222.842,222.800,42.52,47.70
32880,0.631,0.000,222.842,222.800,42.52,47.70
32910,0.630,0.000,222.842,222.800,42.52,47.70
32940,0.628,0.000,222.842,222.800,42.52,47.70
32970,0.626,0.000,222.842,222.800,42.52,47.70
33000,0.625,0.000,222.842,222.800,42.52,47.70
33030,0.623,0.000,222.842,222.800,42.52,47.70
33060,0.621,0.000,222.842,222.800,42.52,47.70
33090,0.620,0.000,222.842,222.800,42.52,47.70
33120,0.618,0.000,222.842,222.800,42.52,47.70
33150,0.617,0.000,222.842,222.800,42.52,47.70
33180,0.615,0.000,222.842,222.800,42.52,47.70
33210,0.613,0.000,222.842,222.800,42.52,47.70
33240,0.612,0.000,222.842,222.800,42.52,47.70
33270,0.610,0.000,222.841,222.800,42.52,47.70
33300,0.609,0.000,222.841,222.800,42.52,47.70
33330,0.607,0.000,222.841,222.800,42.52,47.70
33360,0.605,0.000,222.841,222.800,42.52,47.70
33390,0.604,0.000,222.841,222.800,42.52,47.70
33420,0.602,0.000,222.841,222.800,42.52,47.70
33450,0.601,0.000,222.841,222.800,42.52,47.70
33480,0.599,0.000,222.841,222.800,42.52,47.70
33510,0.598,0.000,222.841,222.800,42.52,47.70
33540,0.596,0.000,222.841,222.800,42.52,47.70
33570,0.595,0.000,222.841,222.800,42.52,47.70
33600,0.593,0.000,222.841,222.800,42.52,47.70
33630,0.591,0.000,222.841,222.800,42.52,47.70
33660,0.590,0.000,222.841,222.800,42.52,47.70
33690,0.588,0.000,222.840,222.800,42.52,47.70
33720,0.587,0.000,222.840,222.800,42.52,47.70
33750,0.585,0.000,222.840,222.800,42.52,47.70
33780,0.584,0.000,222.840,222.800,42.52,47.70
33810,0.582,0.000,222.840,222.800,42.52,47.70
33840,0.581,0.000,222.840,222.800,42.52,47.70
33870,0.579,0.000,222.840,222.800,42.52,47.70
33900,0.578,0.000,222.840,222.800,42.52,47.70
33930,0.576,0.000,222.840,222.800,42.52,47.70
33960,0.575,0.000,222.840,222.800,42.52,47.70
33990,0.574,0.000,222.840,222.800,42.52,47.70
34020,0.572,0.000,222.840,222.800,42.52,47.70
34050,0.571,0.000,222.840,222.800,42.52,47.70
34080,0.569,0.000,222.840,222.800,42.52,47.70
34110,0.568,0.000,222.840,222.800,42.52,47.70
34140,0.566,0.000,222.839,222.800,42.52,47.70
34170,0.565,0.000,222.839,222.800,42.52,47.70
34200,0.563,0.000,222.839,222.800,42.52,47.70
34230,0.562,0.000,222.839,222.800,42.52,47.70
34260,0.561,0.000,222.839,222.800,42.52,47.70
34290,0.559,0.000,222.839,222.800,42.52,47.70
34320,0.558,0.000,222.839,222.800,42.52,47.70
34350,0.556,0.000,222.839,222.800,42.52,47.70
34380,0.555,0.000,222.839,222.800,42.52,47.70
34410,0.554,0.000,222.839,222.800,42.52,47.70
34440,0.552,0.000,222.839,222.800,42.52,47.70
34470,0.551,0.000,222.839,222.800,42.52,47.70
34500,0.549,0.000,222.839,222.800,42.52,47.70
34530,0.548,0.000,222.839,222.800,42.52,47.70
34560,0.547,0.000,222.839,222.800,42.52,47.70
34590,0.545,0.000,222.838,222.800,42.52,47.70
34620,0.544,0.000,222.838,222.800,42.52,47.70
34650,0.543,0.000,222.838,222.800,42.52,47.70
34680,0.541,0.000,222.838,222.800,42.52,47.70
34710,0.540,0.000,222.838,222.800,42.52,47.70
34740,0.538,0.000,222.838,222.800,42.52,47.70
34770,0.537,0.000,222.838,222.800,42.52,47.70
34800,0.536,0.000,222.838,222.800,42.52,47.70
34830,0.534,0.000,222.838,222.800,42.52,47.70
34860,0.533,0.000,222.838,222.800,42.52,47.70
34890,0.532,0.000,222.838,222.800,42.52,47.70
34920,0.530,0.000,222.838,222.800,42.52,47.70
34950,0.529,0.000,222.838,222.800,42.52,47.70
34980,0.528,0.000,222.838,222.800,42.52,47.70
35010,0.527,0.000,222.838,222.800,42.52,47.70
35040,0.525,0.000,222.838,222.800,42.52,47.70
35070,0.524,0.000,222.837,222.800,42.52,47.70
35100,0.523,0.000,222.837,222.800,42.52,47.70
35130,0.521,0.000,222.837,222.800,42.52,47.70
35160,0.520,0.000,222.837,222.800,42.52,47.70
35190,0.519,0.000,222.837,222.800,42.52,47.70
35220,0.517,0.000,222.837,222.800,42.52,47.70
35250,0.516,0.000,222.837,222.800,42.52,47.70
35280,0.515,0.000,222.837,222.800,42.52,47.70
35310,0.514,0.000,222.837,222.800,42.52,47.70
35340,0.512,0.000,222.837,222.800,42.52,47.70
35370,0.511,0.000,222.837,222.800,42.52,47.70
35400,0.510,0.000,222.837,222.800,42.52,47.70
35430,0.509,0.000,222.837,222.800,42.52,47.70
35460,0.507,0.000,222.837,222.800,42.52,47.70
35490,0.506,0.000,222.837,222.800,42.52,47.70
35520,0.505,0.000,222.837,222.800,42.52,47.70
35550,0.504,0.000,222.836,222.800,42.52,47.70
35580,0.502,0.000,222.836,222.800,42.52,47.70
35610,0.501,0.000,222.836,222.800,42.52,47.70
35640,0.500,0.000,222.836,222.800,42.52,47.70
35670,0.499,0.000,222.836,222.800,42.52,47.70
35700,0.498,0.000,222.836,222.800,42.52,47.70
35730,0.496,0.000,222.836,222.800,42.52,47.70
35760,0.495,0.000,222.836,222.800,42.52,47.70
35790,0.494,0.000,222.836,222.800,42.52,47.70
35820,0.493,0.000,222.836,222.800,42.52,47.70
35850,0.492,0.000,222.836,222.800,42.52,47.70
35880,0.490,0.000,222.836,222.800,42.52,47.70
35910,0.489,0.000,222.836,222.800,42.52,47.70
35940,0.488,0.000,222.836,222.800,42.52,47.70
35970,0.487,0.000,222.836,222.800,42.52,47.70
36000,0.486,0.000,222.836,222.800,42.52,47.70
36030,0.484,0.000,222.836,222.800,42.52,47.70
36060,0.483,0.000,222.835,222.800,42.52,47.70
36090,0.482,0.000,222.835,222.800,42.52,47.70
36120,0.481,0.000,222.835,222.800,42.52,47.70
36150,0.480,0.000,222.835,222.800,42.52,47.70
36180,0.479,0.000,222.835,222.800,42.52,47.70
36210,0.478,0.000,222.835,222.800,42.52,47.70
36240,0.476,0.000,222.835,222.800,42.52,47.70
36270,0.475,0.000,222.835,222.800,42.52,47.70
36300,0.474,0.000,222.835,222.800,42.52,47.70
36330,0.473,0.000,222.835,222.800,42.52,47.70
36360,0.472,0.000,222.835,222.800,42.52,47.70
36390,0.471,0.000,222.835,222.800,42.52,47.70
36420,0.470,0.000,222.835,222.800,42.52,47.70
36450,0.468,0.000,222.835,222.800,42.52,47.70
36480,0.467,0.000,222.835,222.800,42.52,47.70
36510,0.466,0.000,222.835,222.800,42.52,47.70
36540,0.465,0.000,222.835,222.800,42.52,47.70
36570,0.464,0.000,222.835,222.800,42.52,47.70
36600,0.463,0.000,222.834,222.800,42.52,47.70
36630,0.462,0.000,222.834,222.800,42.52,47.70
36660,0.461,0.000,222.834,222.800,42.52,47.70
36690,0.460,0.000,222.834,222.800,42.52,47.70
36720,0.459,0.000,222.834,222.800,42.52,47.70
36750,0.457,0.000,222.834,222.800,42.52,47.70
36780,0.456,0.000,222.834,222.800,42.52,47.70
36810,0.455,0.000,222.834,222.800,42.52,47.70
36840,0.454,0.000,222.834,222.800,42.52,47.70
36870,0.453,0.000,222.834,222.800,42.52,47.70
36900,0.452,0.000,222.834,222.800,42.52,47.70
36930,0.451,0.000,222.834,222.800,42.52,47.70
36960,0.450,0.000,222.834,222.800,42.52,47.70
36990,0.449,0.000,222.834,222.800,42.52,47.70
37020,0.448,0.000,222.834,222.800,42.52,47.70
37050,0.447,0.000,222.834,222.800,42.52,47.70
37080,0.446,0.000,222.834,222.800,42.52,47.70
37110,0.445,0.000,222.834,222.800,42.52,47.70
37140,0.444,0.000,222.834,222.800,42.52,47.70
37170,0.443,0.000,222.833,222.800,42.52,47.70
37200,0.442,0.000,222.833,222.800,42.52,47.70
37230,0.441,0.000,222.833,222.800,42.52,47.70
37260,0.440,0.000,222.833,222.800,42.52,47.70
37290,0.438,0.000,222.833,222.800,42.52,47.70
37320,0.437,0.000,222.833,222.800,42.52,47.70
37350,0.436,0.000,222.833,222.800,42.52,47.70
37380,0.435,0.000,222.833,222.800,42.52,47.70
37410,0.434,0.000,222.833,222.800,42.52,47.70
37440,0.433,0.000,222.833,222.800,42.52,47.70
37470,0.432,0.000,222.833,222.800,42.52,47.70
37500,0.431,0.000,222.833,222.800,42.52,47.70
37530,0.430,0.000,222.833,222.800,42.52,47.70
37560,0.429,0.000,222.833,222.800,42.52,47.70
37590,0.428,0.000,222.833,222.800,42.52,47.70
37620,0.427,0.000,222.833,222.800,42.52,47.70
37650,0.426,0.000,222.833,222.800,42.52,47.70
37680,0.425,0.000,222.833,222.800,42.52,47.70
37710,0.424,0.000,222.833,222.800,42.52,47.70
37740,0.423,0.000,222.832,222.800,42.52,47.70
37770,0.422,0.000,222.832,222.800,42.52,47.70
37800,0.422,0.000,222.832,222.800,42.52,47.70
37830,0.421,0.000,222.832,222.800,42.52,47.70
37860,0.420,0.000,222.832,222.800,42.52,47.70
37890,0.419,0.000,222.832,222.800,42.52,47.70
37920,0.418,0.000,222.832,222.800,42.52,47.70
37950,0.417,0.000,222.832,222.800,42.52,47.70
37980,0.416,0.000,222.832,222.800,42.52,47.70
38010,0.415,0.000,222.832,222.800,42.52,47.70
38040,0.414,0.000,222.832,222.800,42.52,47.70
38070,0.413,0.000,222.832,222.800,42.52,47.70
38100,0.412,0.000,222.832,222.800,42.52,47.70
38130,0.411,0.000,222.832,222.800,42.52,47.70
38160,0.410,0.000,222.832,222.800,42.52,47.70
38190,0.409,0.000,222.832,222.800,42.52,47.70
38220,0.408,0.000,222.832,222.800,42.52,47.70
38250,0.407,0.000,222.832,222.800,42.52,47.70
38280,0.406,0.000,222.832,222.800,42.52,47.70
38310,0.405,0.000,222.832,222.800,42.52,47.70
38340,0.405,0.000,222.832,222.800,42.52,47.70
38370,0.404,0.000,222.831,222.800,42.52,47.70
38400,0.403,0.000,222.831,222.800,42.52,47.70
38430,0.402,0.000,222.831,222.800,42.52,47.70
38460,0.401,0.000,222.831,222.800,42.52,47.70
38490,0.400,0.000,222.831,222.800,42.52,47.70
38520,0.399,0.000,222.831,222.800,42.52,47.70
38550,0.398,0.000,222.831,222.800,42.52,47.70
38580,0.397,0.000,222.831,222.800,42.52,47.70
38610,0.396,0.000,222.831,222.800,42.52,47.70
38640,0.395,0.000,222.831,222.800,42.52,47.70
38670,0.395,0.000,222.831,222.800,42.52,47.70
38700,0.394,0.000,222.831,222.800,42.52,47.70
38730,0.393,0.000,222.831,222.800,42.52,47.70
38760,0.392,0.000,222.831,222.800,42.52,47.70
38790,0.391,0.000,222.831,222.800,42.52,47.70
38820,0.390,0.000,222.831,222.800,42.52,47.70
38850,0.389,0.000,222.831,222.800,42.52,47.70
38880,0.388,0.000,222.831,222.800,42.52,47.70
38910,0.388,0.000,222.831,222.800,42.52,47.70
38940,0.387,0.000,222.831,222.800,42.52,47.70
38970,0.386,0.000,222.831,222.800,42.52,47.70
39000,0.385,0.000,222.830,222.800,42.52,47.70
39030,0.384,0.000,222.830,222.800,42.52,47.70
39060,0.383,0.000,222.830,222.800,42.52,47.70
39090,0.382,0.000,222.830,222.800,42.52,47.70
39120,0.382,0.000,222.830,222.800,42.52,47.70
39150,0.381,0.000,222.830,222.800,42.52,47.70
39180,0.380,0.000,222.830,222.800,42.52,47.70
39210,0.379,0.000,222.830,222.800,42.52,47.70
39240,0.378,0.000,222.830,222.800,42.52,47.70
39270,0.377,0.000,222.830,222.800,42.52,47.70
39300,0.376,0.000,222.830,222.800,42.52,47.70
39330,0.376,0.000,222.830,222.800,42.52,47.70
39360,0.375,0.000,222.830,222.800,42.52,47.70
39390,0.374,0.000,222.830,222.800,42.52,47.70
39420,0.373,0.000,222.830,222.800,42.52,47.70
39450,0.372,0.000,222.830,222.800,42.52,47.70
39480,0.371,0.000,222.830,222.800,42.52,47.70
39510,0.371,0.000,222.830,222.800,42.52,47.70
39540,0.370,0.000,222.830,222.800,42.52,47.70
39570,0.369,0.000,222.830,222.800,42.52,47.70
39600,0.368,0.000,222.830,222.800,42.52,47.70
39630,0.367,0.000,222.830,222.800,42.52,47.70
39660,0.367,0.000,222.830,222.800,42.52,47.70
39690,0.366,0.000,222.829,222.800,42.52,47.70
39720,0.365,0.000,222.829,222.800,42.52,47.70
39750,0.364,0.000,222.829,222.800,42.52,47.70
39780,0.363,0.000,222.829,222.800,42.52,47.70
39810,0.363,0.000,222.829,222.800,42.52,47.70
39840,0.362,0.000,222.829,222.800,42.52,47.70
39870,0.361,0.000,222.829,222.800,42.52,47.70
39900,0.360,0.000,222.829,222.800,42.52,47.70
39930,0.359,0.000,222.829,222.800,42.52,47.70
39960,0.359,0.000,222.829,222.800,42.52,47.70
39990,0.358,0.000,222.829,222.800,42.52,47.70
40020,0.357,0.000,222.829,222.800,42.52,47.70
40050,0.356,0.000,222.829,222.800,42.52,47.70
40080,0.356,0.000,222.829,222.800,42.52,47.70
40110,0.355,0.000,222.829,222.800,42.52,47.70
40140,0.354,0.000,222.829,222.800,42.52,47.70
40170,0.353,0.000,222.829,222.800,42.52,47.70
40200,0.352,0.000,222.829,222.800,42.52,47.70
40230,0.352,0.000,222.829,222.800,42.52,47.70
40260,0.351,0.000,222.829,222.800,42.52,47.70
40290,0.350,0.000,222.829,222.800,42.52,47.70
40320,0.349,0.000,222.829,222.800,42.52,47.70
40350,0.349,0.000,222.829,222.800,42.52,47.70
40380,0.348,0.000,222.829,222.800,42.52,47.70
40410,0.347,0.000,222.828,222.800,42.52,47.70
40440,0.346,0.000,222.828,222.800,42.52,47.70
40470,0.346,0.000,222.828,222.800,42.52,47.70
40500,0.345,0.000,222.828,222.800,42.52,47.70
40530,0.344,0.000,222.828,222.800,42.52,47.70
40560,0.343,0.000,222.828,222.800,42.52,47.70
40590,0.343,0.000,222.828,222.800,42.52,47.70
40620,0.342,0.000,222.828,222.800,42.52,47.70
40650,0.341,0.000,222.828,222.800,42.52,47.70
40680,0.340,0.000,222.828,222.800,42.52,47.70
40710,0.340,0.000,222.828,222.800,42.52,47.70
40740,0.339,0.000,222.828,222.800,42.52,47.70
40770,0.338,0.000,222.828,222.800,42.52,47.70
40800,0.338,0.000,222.828,222.800,42.52,47.70
40830,0.337,0.000,222.828,222.800,42.52,47.70
40860,0.336,0.000,222.828,222.800,42.52,47.70
40890,0.335,0.000,222.828,222.800,42.52,47.70
40920,0.335,0.000,222.828,222.800,42.52,47.70
40950,0.334,0.000,222.828,222.800,42.52,47.70
40980,0.333,0.000,222.828,222.800,42.52,47.70
41010,0.333,0.000,222.828,222.800,42.52,47.70
41040,0.332,0.000,222.828,222.800,42.52,47.70
41070,0.331,0.000,222.828,222.800,42.52,47.70
41100,0.330,0.000,222.828,222.800,42.52,47.70
41130,0.330,0.000,222.828,222.800,42.52,47.70
41160,0.329,0.000,222.827,222.800,42.52,47.70
41190,0.328,0.000,222.827,222.800,42.52,47.70
41220,0.328,0.000,222.827,222.800,42.52,47.70
41250,0.327,0.000,222.827,222.800,42.52,47.70
41280,0.326,0.000,222.827,222.800,42.52,47.70
41310,0.326,0.000,222.827,222.800,42.52,47.70
41340,0.325,0.000,222.827,222.800,42.52,47.70
41370,0.324,0.000,222.827,222.800,42.52,47.70
41400,0.324,0.000,222.827,222.800,42.52,47.70
41430,0.323,0.000,222.827,222.800,42.52,47.70
41460,0.322,0.000,222.827,222.800,42.52,47.70
41490,0.321,0.000,222.827,222.800,42.52,47.70
41520,0.321,0.000,222.827,222.800,42.52,47.70
41550,0.320,0.000,222.827,222.800,42.52,47.70
41580,0.319,0.000,222.827,222.800,42.52,47.70
41610,0.319,0.000,222.827,222.800,42.52,47.70
41640,0.318,0.000,222.827,222.800,42.52,47.70
41670,0.317,0.000,222.827,222.800,42.52,47.70
41700,0.317,0.000,222.827,222.800,42.52,47.70
41730,0.316,0.000,222.827,222.800,42.52,47.70
41760,0.315,0.000,222.827,222.800,42.52,47.70
41790,0.315,0.000,222.827,222.800,42.52,47.70
41820,0.314,0.000,222.827,222.800,42.52,47.70
41850,0.313,0.000,222.827,222.800,42.52,47.70
41880,0.313,0.000,222.827,222.800,42.52,47.70
41910,0.312,0.000,222.827,222.800,42.52,47.70
41940,0.312,0.000,222.826,222.800,42.52,47.70
41970,0.311,0.000,222.826,222.800,42.52,47.70
42000,0.310,0.000,222.826,222.800,42.52,47.70
42030,0.310,0.000,222.826,222.800,42.52,47.70
42060,0.309,0.000,222.826,222.800,42.52,47.70
42090,0.308,0.000,222.826,222.800,42.52,47.70
42120,0.308,0.000,222.826,222.800,42.52,47.70
42150,0.307,0.000,222.826,222.800,42.52,47.70
42180,0.306,0.000,222.826,222.800,42.52,47.70
42210,0.306,0.000,222.826,222.800,42.52,47.70
42240,0.305,0.000,222.826,222.800,42.52,47.70
42270,0.305,0.000,222.826,222.800,42.52,47.70
42300,0.304,0.000,222.826,222.800,42.52,47.70
42330,0.303,0.000,222.826,222.800,42.52,47.70
42360,0.303,0.000,222.826,222.800,42.52,47.70
42390,0.302,0.000,222.826,222.800,42.52,47.70
42420,0.301,0.000,222.826,222.800,42.52,47.70
42450,0.301,0.000,222.826,222.800,42.52,47.70
42480,0.300,0.000,222.826,222.800,42.52,47.70
42510,0.300,0.000,222.826,222.800,42.52,47.70
42540,0.299,0.000,222.826,222.800,42.52,47.70
42570,0.298,0.000,222.826,222.800,42.52,47.70
42600,0.298,0.000,222.826,222.800,42.52,47.70
42630,0.297,0.000,222.826,222.800,42.52,47.70
42660,0.296,0.000,222.826,222.800,42.52,47.70
42690,0.296,0.000,222.826,222.800,42.52,47.70
42720,0.295,0.000,222.826,222.800,42.52,47.70
42750,0.295,0.000,222.826,222.800,42.52,47.70
42780,0.294,0.000,222.825,222.800,42.52,47.70
42810,0.293,0.000,222.825,222.800,42.52,47.70
42840,0.293,0.000,222.825,222.800,42.52,47.70
42870,0.292,0.000,222.825,222.800,42.52,47.70
42900,0.292,0.000,222.825,222.800,42.52,47.70
42930,0.291,0.000,222.825,222.800,42.52,47.70
42960,0.290,0.000,222.825,222.800,42.52,47.70
42990,0.290,0.000,222.825,222.800,42.52,47.70
43020,0.289,0.000,222.825,222.800,42.52,47.70
43050,0.289,0.000,222.825,222.800,42.52,47.70
43080,0.288,0.000,222.825,222.800,42.52,47.70
43110,0.288,0.000,222.825,222.800,42.52,47.70
43140,0.287,0.000,222.825,222.800,42.52,47.70
43170,0.286,0.000,222.825,222.800,42.52,47.70
43200,0.286,0.000,222.825,222.800,42.52,47.70
43230,0.285,0.000,222.825,222.800,42.52,47.70
43260,0.285,0.000,222.825,222.800,42.52,47.70
43290,0.284,0.000,222.825,222.800,42.52,47.70
43320,0.283,0.000,222.825,222.800,42.52,47.70
43350,0.283,0.000,222.825,222.800,42.52,47.70
43380,0.282,0.000,222.825,222.800,42.52,47.70
43410,0.282,0.000,222.825,222.800,42.52,47.70
43440,0.281,0.000,222.825,222.800,42.52,47.70
43470,0.281,0.000,222.825,222.800,42.52,47.70
43500,0.280,0.000,222.825,222.800,42.52,47.70
43530,0.280,0.000,222.825,222.800,42.52,47.70
43560,0.279,0.000,222.825,222.800,42.52,47.70
43590,0.278,0.000,222.825,222.800,42.52,47.70
43620,0.278,0.000,222.825,222.800,42.52,47.70
43650,0.277,0.000,222.825,222.800,42.52,47.70
43680,0.277,0.000,222.824,222.800,42.52,47.70
43710,0.276,0.000,222.824,222.800,42.52,47.70
43740,0.276,0.000,222.824,222.800,42.52,47.70
43770,0.275,0.000,222.824,222.800,42.52,47.70
43800,0.275,0.000,222.824,222.800,42.52,47.70
43830,0.274,0.000,222.824,222.800,42.52,47.70
43860,0.273,0.000,222.824,222.800,42.52,47.70
43890,0.273,0.000,222.824,222.800,42.52,47.70
43920,0.272,0.000,222.824,222.800,42.52,47.70
43950,0.272,0.000,222.824,222.800,42.52,47.70
43980,0.271,0.000,222.824,222.800,42.52,47.70
44010,0.271,0.000,222.824,222.800,42.52,47.70
44040,0.270,0.000,222.824,222.800,42.52,47.70
44070,0.270,0.000,222.824,222.800,42.52,47.70
44100,0.269,0.000,222.824,222.800,42.52,47.70
44130,0.269,0.000,222.824,222.800,42.52,47.70
44160,0.268,0.000,222.824,222.800,42.52,47.70
44190,0.268,0.000,222.824,222.800,42.52,47.70
44220,0.267,0.000,222.824,222.800,42.52,47.70
44250,0.266,0.000,222.824,222.800,42.52,47.70
44280,0.266,0.000,222.824,222.800,42.52,47.70
44310,0.265,0.000,222.824,222.800,42.52,47.70
44340,0.265,0.000,222.824,222.800,42.52,47.70
44370,0.264,0.000,222.824,222.800,42.52,47.70
44400,0.264,0.000,222.824,222.800,42.52,47.70
44430,0.263,0.000,222.824,222.800,42.52,47.70
44460,0.263,0.000,222.824,222.800,42.52,47.70
44490,0.262,0.000,222.824,222.800,42.52,47.70
44520,0.262,0.000,222.824,222.800,42.52,47.70
44550,0.261,0.000,222.824,222.800,42.52,47.70
44580,0.261,0.000,222.824,222.800,42.52,47.70
44610,0.260,0.000,222.823,222.800,42.52,47.70
44640,0.260,0.000,222.823,222.800,42.52,47.70
44670,0.259,0.000,222.823,222.800,42.52,47.70
44700,0.259,0.000,222.823,222.800,42.52,47.70
44730,0.258,0.000,222.823,222.800,42.52,47.70
44760,0.258,0.000,222.823,222.800,42.52,47.70
44790,0.257,0.000,222.823,222.800,42.52,47.70
44820,0.257,0.000,222.823,222.800,42.52,47.70
44850,0.256,0.000,222.823,222.800,42.52,47.70
44880,0.256,0.000,222.823,222.800,42.52,47.70
44910,0.255,0.000,222.823,222.800,42.52,47.70
44940,0.255,0.000,222.823,222.800,42.52,47.70
44970,0.254,0.000,222.823,222.800,42.52,47.70
45000,0.254,0.000,222.823,222.800,42.52,47.70
45030,0.253,0.000,222.823,222.800,42.52,47.70
45060,0.253,0.000,222.823,222.800,42.52,47.70
45090,0.252,0.000,222.823,222.800,42.52,47.70
45120,0.252,0.000,222.823,222.800,42.52,47.70
45150,0.251,0.000,222.823,222.800,42.52,47.70
45180,0.251,0.000,222.823,222.800,42.52,47.70
45210,0.250,0.000,222.823,222.800,42.52,47.70
45240,0.250,0.000,222.823,222.800,42.52,47.70
45270,0.249,0.000,222.823,222.800,42.52,47.70
45300,0.249,0.000,222.823,222.800,42.52,47.70
45330,0.248,0.000,222.823,222.800,42.52,47.70
45360,0.248,0.000,222.823,222.800,42.52,47.70
45390,0.247,0.000,222.823,222.800,42.52,47.70
45420,0.247,0.000,222.823,222.800,42.52,47.70
45450,0.246,0.000,222.823,222.800,42.52,47.70
45480,0.246,0.000,222.823,222.800,42.52,47.70
45510,0.245,0.000,222.823,222.800,42.52,47.70
45540,0.245,0.000,222.823,222.800,42.52,47.70
45570,0.245,0.000,222.823,222.800,42.52,47.70
45600,0.244,0.000,222.823,222.800,42.52,47.70
45630,0.244,0.000,222.822,222.800,42.52,47.70
45660,0.243,0.000,222.822,222.800,42.52,47.70
45690,0.243,0.000,222.822,222.800,42.52,47.70
45720,0.242,0.000,222.822,222.800,42.52,47.70
45750,0.242,0.000,222.822,222.800,42.52,47.70
45780,0.241,0.000,222.822,222.800,42.52,47.70
45810,0.241,0.000,222.822,222.800,42.52,47.70
45840,0.240,0.000,222.822,222.800,42.52,47.70
45870,0.240,0.000,222.822,222.800,42.52,47.70
45900,0.239,0.000,222.822,222.800,42.52,47.70
45930,0.239,0.000,222.822,222.800,42.52,47.70
45960,0.239,0.000,222.822,222.800,42.52,47.70
45990,0.238,0.000,222.822,222.800,42.52,47.70
46020,0.238,0.000,222.822,222.800,42.52,47.70
46050,0.237,0.000,222.822,222.800,42.52,47.70
46080,0.237,0.000,222.822,222.800,42.52,47.70
46110,0.236,0.000,222.822,222.800,42.52,47.70
46140,0.236,0.000,222.822,222.800,42.52,47.70
46170,0.235,0.000,222.822,222.800,42.52,47.70
46200,0.235,0.000,222.822,222.800,42.52,47.70
46230,0.234,0.000,222.822,222.800,42.52,47.70
46260,0.234,0.000,222.822,222.800,42.52,47.70
46290,0.234,0.000,222.822,222.800,42.52,47.70
46320,0.233,0.000,222.822,222.800,42.52,47.70
46350,0.233,0.000,222.822,222.800,42.52,47.70
46380,0.232,0.000,222.822,222.800,42.52,47.70
46410,0.232,0.000,222.822,222.800,42.52,47.70
46440,0.231,0.000,222.822,222.800,42.52,47.70
46470,0.231,0.000,222.822,222.800,42.52,47.70
46500,0.231,0.000,222.822,222.800,42.52,47.70
46530,0.230,0.000,222.822,222.800,42.52,47.70
46560,0.230,0.000,222.822,222.800,42.52,47.70
46590,0.229,0.000,222.822,222.800,42.52,47.70
46620,0.229,0.000,222.822,222.800,42.52,47.70
46650,0.228,0.000,222.822,222.800,42.52,47.70
46680,0.228,0.000,222.822,222.800,42.52,47.70
46710,0.228,0.000,222.821,222.800,42.52,47.70
46740,0.227,0.000,222.821,222.800,42.52,47.70
46770,0.227,0.000,222.821,222.800,42.52,47.70
46800,0.226,0.000,222.821,222.800,42.52,47.70
46830,0.226,0.000,222.821,222.800,42.52,47.70
46860,0.225,0.000,222.821,222.800,42.52,47.70
46890,0.225,0.000,222.821,222.800,42.52,47.70
46920,0.225,0.000,222.821,222.800,42.52,47.70
46950,0.224,0.000,222.821,222.800,42.52,47.70
46980,0.224,0.000,222.821,222.800,42.52,47.70
47010,0.223,0.000,222.821,222.800,42.52,47.70
47040,0.223,0.000,222.821,222.800,42.52,47.70
47070,0.222,0.000,222.821,222.800,42.52,47.70
47100,0.222,0.000,222.821,222.800,42.52,47.70
47130,0.222,0.000,222.821,222.800,42.52,47.70
47160,0.221,0.000,222.821,222.800,42.52,47.70
47190,0.221,0.000,222.821,222.800,42.52,47.70
47220,0.220,0.000,222.821,222.800,42.52,47.70
47250,0.220,0.000,222.821,222.800,42.52,47.70
47280,0.220,0.000,222.821,222.800,42.52,47.70
47310,0.219,0.000,222.821,222.800,42.52,47.70
47340,0.219,0.000,222.821,222.800,42.52,47.70
47370,0.218,0.000,222.821,222.800,42.52,47.70
47400,0.218,0.000,222.821,222.800,42.52,47.70
47430,0.218,0.000,222.821,222.800,42.52,47.70
47460,0.217,0.000,222.821,222.800,42.52,47.70
47490,0.217,0.000,222.821,222.800,42.52,47.70
47520,0.216,0.000,222.821,222.800,42.52,47.70
47550,0.216,0.000,222.821,222.800,42.52,47.70
47580,0.216,0.000,222.821,222.800,42.52,47.70
47610,0.215,0.000,222.821,222.800,42.52,47.70
47640,0.215,0.000,222.821,222.800,42.52,47.70
47670,0.214,0.000,222.821,222.800,42.52,47.70
47700,0.214,0.000,222.821,222.800,42.52,47.70
47730,0.214,0.000,222.821,222.800,42.52,47.70
47760,0.213,0.000,222.821,222.800,42.52,47.70
47790,0.213,0.000,222.821,222.800,42.52,47.70
47820,0.212,0.000,222.821,222.800,42.52,47.70
47850,0.212,0.000,222.820,222.800,42.52,47.70
47880,0.212,0.000,222.820,222.800,42.52,47.70
47910,0.211,0.000,222.820,222.800,42.52,47.70
47940,0.211,0.000,222.820,222.800,42.52,47.70
47970,0.210,0.000,222.820,222.800,42.52,47.70
48000,0.210,0.000,222.820,222.800,42.52,47.70
48030,0.210,0.000,222.820,222.800,42.52,47.70
48060,0.209,0.000,222.820,222.800,42.52,47.70
48090,0.209,0.000,222.820,222.800,42.52,47.70
48120,0.209,0.000,222.820,222.800,42.52,47.70
48150,0.208,0.000,222.820,222.800,42.52,47.70
48180,0.208,0.000,222.820,222.800,42.52,47.70
48210,0.207,0.000,222.820,222.800,42.52,47.70
48240,0.207,0.000,222.820,222.800,42.52,47.70
48270,0.207,0.000,222.820,222.800,42.52,47.70
48300,0.206,0.000,222.820,222.800,42.52,47.70
48330,0.206,0.000,222.820,222.800,42.52,47.70
48360,0.206,0.000,222.820,222.800,42.52,47.70
48390,0.205,0.000,222.820,222.800,42.52,47.70
48420,0.205,0.000,222.820,222.800,42.52,47.70
48450,0.204,0.000,222.820,222.800,42.52,47.70
48480,0.204,0.000,222.820,222.800,42.52,47.70
48510,0.204,0.000,222.820,222.800,42.52,47.70
48540,0.203,0.000,222.820,222.800,42.52,47.70
48570,0.203,0.000,222.820,222.800,42.52,47.70
48600,0.203,0.000,222.820,222.800,42.52,47.70
48630,0.202,0.000,222.820,222.800,42.52,47.70
48660,0.202,0.000,222.820,222.800,42.52,47.70
48690,0.201,0.000,222.820,222.800,42.52,47.70
48720,0.201,0.000,222.820,222.800,42.52,47.70
48750,0.201,0.000,222.820,222.800,42.52,47.70
48780,0.200,0.000,222.820,222.800,42.52,47.70
48810,0.200,0.000,222.820,222.800,42.52,47.70
48840,0.200,0.000,222.820,222.800,42.52,47.70
48870,0.199,0.000,222.820,222.800,42.52,47.70
48900,0.199,0.000,222.820,222.800,42.52,47.70
48930,0.199,0.000,222.820,222.800,42.52,47.70
48960,0.198,0.000,222.820,222.800,42.52,47.70
48990,0.198,0.000,222.820,222.800,42.52,47.70
49020,0.198,0.000,222.820,222.800,42.52,47.70
49050,0.197,0.000,222.820,222.800,42.52,47.70
49080,0.197,0.000,222.819,222.800,42.52,47.70
49110,0.196,0.000,222.819,222.800,42.52,47.70
49140,0.196,0.000,222.819,222.800,42.52,47.70
49170,0.196,0.000,222.819,222.800,42.52,47.70
49200,0.195,0.000,222.819,222.800,42.52,47.70
49230,0.195,0.000,222.819,222.800,42.52,47.70
49260,0.195,0.000,222.819,222.800,42.52,47.70
49290,0.194,0.000,222.819,222.800,42.52,47.70
49320,0.194,0.000,222.819,222.800,42.52,47.70
49350,0.194,0.000,222.819,222.800,42.52,47.70
49380,0.193,0.000,222.819,222.800,42.52,47.70
49410,0.193,0.000,222.819,222.800,42.52,47.70
49440,0.193,0.000,222.819,222.800,42.52,47.70
49470,0.192,0.000,222.819,222.800,42.52,47.70
49500,0.192,0.000,222.819,222.800,42.52,47.70
49530,0.192,0.000,222.819,222.800,42.52,47.70
49560,0.191,0.000,222.819,222.800,42.52,47.70
49590,0.191,0.000,222.819,222.800,42.52,47.70
49620,0.191,0.000,222.819,222.800,42.52,47.70
49650,0.190,0.000,222.819,222.800,42.52,47.70
49680,0.190,0.000,222.819,222.800,42.52,47.70
49710,0.190,0.000,222.819,222.800,42.52,47.70
49740,0.189,0.000,222.819,222.800,42.52,47.70
49770,0.189,0.000,222.819,222.800,42.52,47.70
49800,0.189,0.000,222.819,222.800,42.52,47.70
49830,0.188,0.000,222.819,222.800,42.52,47.70
49860,0.188,0.000,222.819,222.800,42.52,47.70
49890,0.188,0.000,222.819,222.800,42.52,47.70
49920,0.187,0.000,222.819,222.800,42.52,47.70
49950,0.187,0.000,222.819,222.800,42.52,47.70
49980,0.187,0.000,222.819,222.800,42.52,47.70
50010,0.186,0.000,222.819,222.800,42.52,47.70
50040,0.186,0.000,222.819,222.800,42.52,47.70
50070,0.186,0.000,222.819,222.800,42.52,47.70
50100,0.185,0.000,222.819,222.800,42.52,47.70
50130,0.185,0.000,222.819,222.800,42.52,47.70
50160,0.185,0.000,222.819,222.800,42.52,47.70
50190,0.184,0.000,222.819,222.800,42.52,47.70
50220,0.184,0.000,222.819,222.800,42.52,47.70
50250,0.184,0.000,222.819,222.800,42.52,47.70
50280,0.183,0.000,222.819,222.800,42.52,47.70
50310,0.183,0.000,222.819,222.800,42.52,47.70
50340,0.183,0.000,222.819,222.800,42.52,47.70
50370,0.182,0.000,222.819,222.800,42.52,47.70
50400,0.182,0.000,222.819,222.800,42.52,47.70
