chainage_m,E,N,thalweg_mRL,crest_left_mRL,crest_right_mRL,bankfull_mRL,limiting_bank,bankfull_depth_m,top_width_m,area_m2,capacity_m3s,slope,stage_150_m,freeboard_150_m,stage_300_m,freeboard_300_m
125.0,1539513.66,5202509.165,189.931,192.646,193.966,192.646,left,2.716,342.0,486.797,1517.244,0.007,1.5,1.216,1.75,0.966
375.0,1539756.629,5202456.009,188.141,191.132,192.412,191.132,left,2.99,340.0,486.173,1480.666,0.007,1.65,1.34,1.95,1.04
625.0,1540005.711,5202434.603,186.351,189.188,190.175,189.188,left,2.837,472.0,615.431,1750.872,0.007,1.45,1.387,1.7,1.137
875.0,1540246.261,5202377.122,184.345,187.795,188.58,187.795,left,3.45,242.0,572.502,2469.756,0.007,1.35,2.1,1.65,1.8
1125.0,1540476.587,5202280.269,182.506,185.59,186.598,185.59,left,3.084,436.0,686.177,2287.691,0.007,1.65,1.434,1.9,1.184
1375.0,1540701.09,5202170.276,181.305,184.216,184.416,184.216,left,2.911,398.0,613.824,2008.96,0.007,1.1,1.811,1.5,1.411
1625.0,1540903.183,5202026.264,179.468,182.178,182.582,182.178,left,2.711,232.0,301.07,863.943,0.007,1.55,1.161,1.8,0.911
1875.0,1541136.936,5201955.633,177.037,181.008,180.719,180.719,right,3.682,350.0,613.417,2084.91,0.007,0.65,3.032,0.95,2.732
2125.0,1541385.866,5201974.91,176.568,180.468,176.568,176.568,right,0.0,200.0,213.369,510.286,0.006,0.05,-0.05,0.05,-0.05
2375.0,1541605.98,5202080.753,175.045,178.673,178.168,178.168,right,3.123,180.0,365.684,1301.52,0.006,0.05,3.073,0.2,2.923
2625.0,1541842.51,5202158.943,173.507,177.873,176.399,176.399,right,2.892,276.0,344.537,851.317,0.006,0.25,2.642,0.6,2.292
2875.0,1542078.203,5202095.373,171.599,175.061,175.553,175.061,left,3.462,198.0,303.626,836.581,0.005,1.4,2.062,1.65,1.812
3125.0,1542281.713,5201959.546,169.903,172.805,173.934,172.805,left,2.901,92.0,141.797,392.617,0.005,1.8,1.101,1.95,0.951
3375.0,1542431.161,5201759.968,168.734,171.325,171.328,171.325,left,2.591,148.0,229.413,669.256,0.006,1.3,1.291,1.5,1.091
3625.0,1542568.046,5201555.107,167.398,169.187,169.993,169.187,left,1.789,88.0,97.7,233.876,0.006,1.05,0.739,1.2,0.589
3875.0,1542737.474,5201371.654,165.626,167.792,168.318,167.792,left,2.166,44.0,61.73,174.393,0.006,1.1,1.066,1.25,0.916
4125.0,1542908.176,5201204.27,164.484,165.23,167.201,165.23,left,0.746,274.0,111.956,140.026,0.006,0.75,-0.004,0.95,-0.204
4375.0,1543070.122,5201027.064,162.86,165.591,163.448,163.448,right,0.588,82.0,30.327,35.397,0.006,0.6,-0.012,0.85,-0.262
4625.0,1543283.731,5200897.176,161.467,163.708,161.914,161.914,right,0.447,130.0,61.128,81.458,0.006,0.55,-0.103,0.8,-0.353
4875.0,1543481.293,5200751.392,160.153,162.157,162.318,162.157,left,2.004,160.0,169.458,377.504,0.006,0.9,1.104,1.1,0.904
5125.0,1543537.646,5200514.3,158.735,159.238,161.565,159.238,left,0.504,82.0,25.194,24.287,0.005,0.5,0.004,0.75,-0.246
5375.0,1543521.149,5200265.162,157.009,157.071,160.311,157.071,left,0.062,44.0,3.392,1.28,0.005,0.35,-0.288,0.6,-0.538
5625.0,1543513.519,5200017.92,155.786,157.657,159.25,157.657,left,1.872,156.0,152.079,317.827,0.006,0.85,1.022,1.15,0.722
5875.0,1543589.506,5199785.243,153.933,156.886,157.171,156.886,left,2.952,410.0,669.675,2013.758,0.006,1.55,1.402,1.8,1.152
6125.0,1543771.993,5199614.367,152.465,154.944,155.071,154.944,left,2.479,458.0,513.553,1223.11,0.006,1.45,1.029,1.7,0.779
6375.0,1543966.307,5199458.812,150.958,152.718,153.666,152.718,left,1.76,286.0,259.611,544.755,0.006,1.15,0.61,1.3,0.46
6625.0,1544201.592,5199387.248,149.093,152.518,151.349,151.349,right,2.256,206.0,277.532,764.89,0.006,1.35,0.906,1.7,0.556
6875.0,1544398.604,5199245.23,147.541,149.988,151.25,149.988,left,2.446,326.0,410.175,1075.192,0.006,1.5,0.946,1.75,0.696
7125.0,1544578.283,5199071.405,145.976,148.247,148.845,148.247,left,2.271,374.0,290.637,548.12,0.006,1.6,0.671,1.9,0.371
7375.0,1544757.963,5198897.579,144.68,146.911,147.479,146.911,left,2.231,262.0,273.94,623.269,0.006,1.6,0.631,1.75,0.481
7625.0,1544941.636,5198728.18,143.143,146.156,146.116,146.116,right,2.973,564.0,719.759,1857.843,0.006,1.6,1.373,1.8,1.173
7875.0,1545133.553,5198567.983,141.512,144.631,145.48,144.631,left,3.119,496.0,667.542,1780.297,0.006,1.6,1.519,1.85,1.269
8125.0,1545340.653,5198431.23,140.294,142.79,143.39,142.79,left,2.496,458.0,476.918,1065.725,0.006,1.3,1.196,1.6,0.896
8375.0,1545555.198,5198315.294,138.74,141.157,141.174,141.157,left,2.417,282.0,333.221,807.648,0.006,1.45,0.967,1.85,0.567
8625.0,1545792.456,5198240.519,137.119,139.559,140.101,139.559,left,2.44,320.0,393.499,977.69,0.006,1.35,1.09,1.75,0.69
8875.0,1546011.298,5198120.404,135.773,138.385,138.533,138.385,left,2.612,232.0,378.815,1141.411,0.006,1.25,1.362,1.7,0.912
9125.0,1546246.999,5198044.311,134.537,136.858,136.502,136.502,right,1.965,286.0,273.497,584.502,0.006,1.15,0.815,1.35,0.615
9375.0,1546490.804,5198084.809,133.114,135.647,136.687,135.647,left,2.533,242.0,369.349,1067.542,0.006,1.1,1.433,1.35,1.183
9625.0,1546739.613,5198078.881,131.717,134.128,134.035,134.035,right,2.318,286.0,321.148,750.247,0.006,0.8,1.518,1.05,1.268
9875.0,1546980.798,5198143.855,130.391,132.662,132.221,132.221,right,1.83,220.0,212.353,445.909,0.006,0.5,1.33,0.85,0.98
10125.0,1547216.512,5198226.877,128.925,131.721,130.857,130.857,right,1.931,92.0,122.465,319.38,0.006,0.45,1.481,0.75,1.181
10375.0,1547416.131,5198372.647,127.432,131.095,129.735,129.735,right,2.303,234.0,260.568,601.064,0.006,0.85,1.453,1.1,1.203
10625.0,1547638.887,5198474.056,125.934,129.887,127.944,127.944,right,2.01,390.0,385.105,821.655,0.006,1.0,1.01,1.25,0.76
10875.0,1547884.983,5198461.675,124.679,126.795,127.084,126.795,left,2.116,464.0,404.098,811.925,0.006,1.3,0.816,1.6,0.516
11125.0,1548124.549,5198391.544,122.79,124.953,125.883,124.953,left,2.162,356.0,309.464,629.305,0.006,1.65,0.512,1.85,0.312
11375.0,1548349.079,5198284.108,121.518,124.24,123.392,123.392,right,1.874,376.0,411.235,992.292,0.006,1.05,0.824,1.35,0.524
11625.0,1548591.305,5198227.808,119.687,121.963,122.052,121.963,left,2.275,318.0,417.509,1138.519,0.006,1.3,0.975,1.55,0.725
11875.0,1548839.992,5198216.406,117.503,120.618,120.657,120.618,left,3.114,328.0,505.359,1541.296,0.006,1.8,1.314,2.15,0.964
12125.0,1549067.508,5198126.533,116.39,118.849,119.236,118.849,left,2.459,220.0,330.49,995.211,0.006,1.35,1.109,1.6,0.859
12375.0,1549280.253,5198004.692,114.946,117.146,117.683,117.146,left,2.201,244.0,330.409,926.515,0.006,1.2,1.001,1.45,0.751
12625.0,1549528.123,5197990.862,113.492,115.814,115.999,115.814,left,2.322,496.0,479.766,1058.716,0.006,1.3,1.022,1.6,0.722
12875.0,1549749.711,5197883.379,111.551,114.483,114.535,114.483,left,2.932,338.0,569.955,1788.509,0.006,1.35,1.582,1.6,1.332
13125.0,1549968.508,5197785.138,110.529,113.38,113.264,113.264,right,2.735,298.0,490.924,1533.744,0.006,0.6,2.135,0.95,1.785
13375.0,1550209.841,5197781.35,108.535,111.559,111.619,111.559,left,3.024,350.0,516.025,1502.5,0.006,1.6,1.424,1.85,1.174
13625.0,1550445.779,5197699.765,107.215,109.598,109.668,109.598,left,2.383,388.0,502.9,1360.104,0.006,1.35,1.033,1.55,0.833
13875.0,1550672.65,5197594.744,105.842,107.718,107.859,107.718,left,1.876,356.0,379.147,902.823,0.006,1.1,0.776,1.3,0.576
14125.0,1550900.349,5197492.619,103.94,105.998,106.828,105.998,left,2.058,274.0,296.871,708.648,0.006,1.35,0.708,1.5,0.558
14375.0,1551147.82,5197457.445,102.217,104.41,104.851,104.41,left,2.193,158.0,208.518,570.482,0.006,1.3,0.893,1.5,0.693
14625.0,1551383.367,5197377.866,100.092,103.006,102.827,102.827,right,2.735,298.0,302.343,696.928,0.006,2.0,0.735,2.2,0.535
14875.0,1551610.36,5197273.109,98.645,100.991,101.592,100.991,left,2.346,230.0,174.697,329.078,0.006,1.95,0.396,2.1,0.246
15125.0,1551837.353,5197168.352,97.871,99.807,101.453,99.807,left,1.935,170.0,169.239,372.905,0.006,1.25,0.685,1.4,0.535
15375.0,1552071.24,5197081.636,96.218,98.007,100.01,98.007,left,1.789,148.0,151.376,335.46,0.006,1.2,0.589,1.4,0.389
15625.0,1552299.881,5196988.909,94.309,97.325,97.403,97.325,left,3.016,200.0,370.382,1222.747,0.006,1.0,2.016,1.25,1.766
15875.0,1552405.008,5196764.934,93.005,95.176,96.13,95.176,left,2.172,156.0,166.136,382.907,0.006,1.15,1.022,1.45,0.722
16125.0,1552591.534,5196610.22,91.766,94.192,95.031,94.192,left,2.426,272.0,398.572,1163.128,0.006,1.15,1.276,1.35,1.076
16375.0,1552835.249,5196556.352,90.153,92.393,92.143,92.143,right,1.99,234.0,273.008,680.858,0.006,1.2,0.79,1.45,0.54
16625.0,1553058.163,5196451.843,88.172,90.647,91.161,90.647,left,2.475,174.0,205.389,513.647,0.006,1.3,1.175,1.55,0.925
16875.0,1553258.402,5196321.232,87.055,89.148,90.288,89.148,left,2.093,226.0,261.443,654.678,0.006,1.3,0.793,1.5,0.593
17125.0,1553502.298,5196266.997,84.902,87.067,88.191,87.067,left,2.165,224.0,178.535,358.193,0.007,1.9,0.265,2.05,0.115
17375.0,1553750.999,5196242.802,83.805,85.986,86.064,85.986,left,2.181,202.0,272.462,764.552,0.007,1.3,0.881,1.65,0.531
17625.0,1553986.08,5196167.61,82.271,85.267,84.736,84.736,right,2.465,190.0,285.651,840.769,0.006,1.35,1.115,1.5,0.965
17875.0,1554222.846,5196089.014,80.282,82.972,82.984,82.972,left,2.69,204.0,231.552,553.779,0.006,1.7,0.99,1.95,0.74
18125.0,1554439.275,5195966.542,77.823,81.48,81.87,81.48,left,3.657,248.0,298.389,729.904,0.006,2.6,1.057,2.85,0.807
18375.0,1554638.264,5195815.203,77.562,80.844,80.755,80.755,right,3.193,238.0,399.485,1231.957,0.006,1.65,1.543,1.9,1.293
18625.0,1554848.326,5195680.828,76.389,79.169,79.388,79.169,left,2.78,218.0,357.719,1082.791,0.006,1.6,1.18,1.8,0.98
18875.0,1555087.106,5195606.772,75.307,77.47,77.742,77.47,left,2.163,404.0,429.031,968.729,0.006,1.2,0.963,1.45,0.713
19125.0,1555321.932,5195521.009,73.285,76.036,75.776,75.776,right,2.491,450.0,472.57,1072.037,0.006,1.75,0.741,1.95,0.541
19375.0,1555545.673,5195410.271,71.322,74.381,74.322,74.322,right,3.0,220.0,303.447,864.528,0.007,1.95,1.05,2.35,0.65
19625.0,1555771.777,5195304.216,69.983,72.122,73.426,72.122,left,2.138,130.0,159.765,426.725,0.007,1.45,0.688,1.95,0.188
19875.0,1556016.042,5195264.025,68.389,71.515,71.242,71.242,right,2.852,182.0,263.329,778.89,0.007,1.5,1.352,2.0,0.852
20125.0,1556264.483,5195236.548,66.702,70.053,70.222,70.053,left,3.351,206.0,387.497,1322.464,0.006,1.35,2.001,1.85,1.501
20375.0,1556512.714,5195206.863,64.667,68.603,69.19,68.603,left,3.936,156.0,429.269,1841.438,0.006,1.5,2.436,2.0,1.936
20625.0,1556761.613,5195214.117,63.392,66.944,67.208,66.944,left,3.552,214.0,410.562,1369.015,0.006,1.8,1.752,2.25,1.302
20875.0,1557008.022,5195208.661,62.244,64.937,66.572,64.937,left,2.694,180.0,259.013,701.449,0.006,1.75,0.944,2.0,0.694
21125.0,1557247.767,5195137.796,61.118,64.662,64.386,64.386,right,3.269,252.0,478.563,1531.596,0.005,1.4,1.869,1.65,1.619
21375.0,1557449.107,5194990.998,59.734,63.328,63.197,63.197,right,3.463,284.0,579.771,1947.939,0.005,1.55,1.913,1.9,1.563
21625.0,1557680.227,5194908.149,58.321,61.871,60.917,60.917,right,2.596,262.0,369.209,972.759,0.005,1.35,1.246,1.7,0.896
21875.0,1557926.357,5194895.455,56.813,60.757,59.821,59.821,right,3.008,116.0,206.537,634.258,0.005,1.15,1.858,1.45,1.558
22125.0,1558174.827,5194923.077,55.655,59.399,58.466,58.466,right,2.812,136.0,225.112,664.57,0.006,0.7,2.112,1.0,1.812
22375.0,1558420.643,5194914.682,53.709,57.831,57.545,57.545,right,3.836,138.0,301.171,1059.125,0.005,1.75,2.086,1.95,1.886
22625.0,1558662.383,5194850.95,52.939,56.465,56.132,56.132,right,3.193,158.0,303.177,982.93,0.005,1.3,1.893,1.5,1.693
22875.0,1558868.079,5194719.094,51.724,55.031,54.758,54.758,right,3.034,148.0,325.841,1170.077,0.006,1.1,1.934,1.3,1.734
23125.0,1559101.544,5194629.685,49.913,53.807,53.36,53.36,right,3.447,120.0,215.456,666.081,0.005,1.5,1.947,1.65,1.797
23375.0,1559335.01,5194540.277,48.812,53.214,52.292,52.292,right,3.48,168.0,312.992,982.411,0.005,1.3,2.18,1.45,2.03
23625.0,1559514.94,5194367.66,47.698,51.99,51.196,51.196,right,3.498,154.0,324.881,1102.238,0.005,0.7,2.798,1.1,2.398
23875.0,1559693.074,5194192.251,46.254,50.853,49.455,49.455,right,3.202,130.0,177.73,444.378,0.005,1.25,1.952,1.55,1.652
24125.0,1559871.208,5194016.842,45.034,49.246,48.387,48.387,right,3.353,120.0,218.666,649.128,0.005,1.3,2.053,1.5,1.853
24375.0,1560049.342,5193841.433,43.508,47.739,46.793,46.793,right,3.285,122.0,158.203,364.38,0.005,1.45,1.835,1.7,1.585
24625.0,1560227.476,5193666.024,42.668,46.531,45.752,45.752,right,3.084,456.0,467.356,901.556,0.004,0.95,2.134,1.15,1.934
24875.0,1560405.609,5193490.615,41.164,45.366,44.849,44.849,right,3.684,332.0,406.24,861.358,0.004,1.7,1.984,1.95,1.734
25125.0,1560583.27,5193314.78,40.051,44.405,43.962,43.962,right,3.911,450.0,398.324,686.761,0.004,1.95,1.961,2.15,1.761
25375.0,1560747.102,5193126.49,39.412,43.293,43.122,43.122,right,3.71,456.0,533.073,1089.989,0.004,1.5,2.21,1.75,1.96
25625.0,1560904.539,5192932.29,38.227,42.258,41.693,41.693,right,3.467,394.0,382.351,692.557,0.004,1.2,2.267,1.45,2.017
25875.0,1561061.975,5192738.09,37.378,41.236,40.313,40.313,right,2.936,410.0,298.561,445.041,0.004,0.9,2.036,1.15,1.786
26125.0,1561219.412,5192543.89,36.19,40.107,39.035,39.035,right,2.845,120.0,148.928,318.782,0.004,0.95,1.895,1.25,1.595
26375.0,1561373.323,5192346.945,35.174,39.129,38.048,38.048,right,2.875,120.0,159.488,365.333,0.004,0.85,2.025,1.2,1.675
26625.0,1561533.144,5192154.761,34.118,37.819,37.219,37.219,right,3.101,452.0,510.419,1057.524,0.004,0.85,2.251,1.15,1.951
26875.0,1561694.314,5191963.648,32.794,36.894,35.926,35.926,right,3.133,120.0,175.055,432.227,0.005,1.25,1.883,1.45,1.683
27125.0,1561856.287,5191773.242,31.814,36.1,34.839,34.839,right,3.026,414.0,465.599,971.333,0.005,0.85,2.176,1.05,1.976
27375.0,1562025.608,5191589.312,30.724,34.749,33.622,33.622,right,2.898,440.0,384.058,683.824,0.005,0.65,2.248,0.85,2.048
