osm_id,building,E,N,max_depth_m,max_speed_ms,max_dv_m2s,hazard_H,arrival_h,at_risk_depth0.5,at_risk_gtH2
1316589866,yes,1537944.0,5194336.0,0.12,0.29,0.04,1,,False,False
1316589869,yes,1537960.0,5194414.0,0.6,0.36,0.21,3,1.43,True,True
1468449535,yes,1535551.0,5197234.0,0.16,0.55,0.1,1,,False,False
1468449545,yes,1535353.0,5197097.0,0.21,0.49,0.14,1,,False,False
1468449546,yes,1535350.0,5197114.0,0.13,0.3,0.07,1,,False,False
1468449549,yes,1536392.0,5196884.0,0.13,0.5,0.08,1,,False,False
1468449550,yes,1536383.0,5196884.0,0.13,0.5,0.08,1,,False,False
1468449551,yes,1536396.0,5196867.0,0.14,0.63,0.1,1,,False,False
1468449552,yes,1536399.0,5196863.0,0.14,0.63,0.1,1,,False,False
1468449554,yes,1536464.0,5196901.0,0.22,0.65,0.16,1,1.14,False,False
1468953840,yes,1537414.0,5196122.0,0.61,1.56,0.95,4,0.83,True,True
1468953841,house,1537440.0,5196136.0,0.61,1.56,0.95,4,0.83,True,True
1468953842,house,1537107.0,5195633.0,0.27,0.91,0.28,1,,False,False
1468953843,yes,1537069.0,5195645.0,0.27,0.87,0.26,1,1.03,False,False
1316588609,yes,1542094.0,5194719.0,0.65,1.42,0.92,4,1.97,True,True
1316588610,yes,1542074.0,5194728.0,0.66,1.41,0.93,4,1.96,True,True
1316588611,yes,1542089.0,5194697.0,0.65,1.43,0.93,4,1.95,True,True
1316588612,yes,1542067.0,5194704.0,0.65,1.41,0.92,4,1.94,True,True
1316588613,yes,1542042.0,5194709.0,0.65,1.4,0.92,4,1.92,True,True
1316588614,yes,1542017.0,5194711.0,0.67,1.37,0.91,4,1.92,True,True
1316588615,yes,1541993.0,5194688.0,0.7,1.38,0.96,4,1.92,True,True
1316588616,yes,1542055.0,5194653.0,0.7,1.44,1.0,5,1.92,True,True
1316588624,yes,1541800.0,5194916.0,0.51,1.22,0.62,4,1.92,True,True
1316588625,yes,1541863.0,5194946.0,0.33,1.01,0.34,2,1.99,False,False
1316588626,yes,1541852.0,5194955.0,0.37,1.05,0.4,2,1.98,False,False
1316588627,yes,1541844.0,5194954.0,0.37,1.05,0.4,2,1.98,False,False
1316588628,yes,1541694.0,5195048.0,0.35,0.93,0.32,2,2.07,False,False
1316588629,yes,1541654.0,5195015.0,0.36,0.99,0.35,2,1.99,False,False
1316588630,yes,1541693.0,5194983.0,0.39,0.98,0.39,2,2.0,False,False
1316588631,yes,1541691.0,5194966.0,0.42,1.02,0.43,2,1.97,False,False
1316588632,yes,1541615.0,5194947.0,0.4,1.07,0.43,2,1.92,False,False
1316588633,yes,1541659.0,5195056.0,0.33,0.96,0.32,2,2.04,False,False
1316588634,yes,1541553.0,5195054.0,0.34,0.87,0.29,2,2.01,False,False
1316588635,yes,1541546.0,5194922.0,0.42,1.11,0.47,2,1.88,False,False
1316588636,yes,1541580.0,5194834.0,0.56,1.35,0.76,4,1.86,True,True
1316588637,yes,1541580.0,5194821.0,0.56,1.35,0.76,4,1.86,True,True
1316588638,yes,1541563.0,5194795.0,0.62,1.4,0.87,4,1.83,True,True
1316588639,yes,1541629.0,5194763.0,0.65,1.43,0.93,4,1.84,True,True
1316588640,yes,1541702.0,5194121.0,0.28,0.82,0.23,1,1.92,False,False
1316588641,yes,1541665.0,5194055.0,0.29,0.83,0.24,1,1.92,False,False
1316588642,yes,1541628.0,5193989.0,0.28,0.81,0.23,1,1.93,False,False
1316588643,yes,1541584.0,5193926.0,0.35,0.93,0.33,2,1.92,False,False
1316588644,yes,1541454.0,5193467.0,0.78,1.43,1.12,5,2.0,True,True
1316595286,yes,1542049.0,5196102.0,0.3,0.84,0.26,2,2.2,False,False
1316595287,yes,1542071.0,5196091.0,0.3,0.84,0.25,2,2.22,False,False
1316595337,yes,1542104.0,5196517.0,0.12,0.51,0.06,1,2.37,False,False
1316595338,yes,1542077.0,5196522.0,0.13,0.53,0.07,1,2.36,False,False
1316595339,yes,1541967.0,5196610.0,0.17,0.61,0.11,1,2.25,False,False
1316595340,yes,1541987.0,5196634.0,0.19,0.67,0.13,1,2.25,False,False
1316595341,yes,1541996.0,5196419.0,0.13,0.5,0.07,1,2.28,False,False
1316595342,yes,1541947.0,5196415.0,0.12,0.47,0.05,1,2.32,False,False
1316595343,yes,1541893.0,5196117.0,0.34,0.93,0.32,2,2.17,False,False
1316595344,yes,1541862.0,5196113.0,0.33,0.9,0.3,2,2.17,False,False
1316595345,yes,1541881.0,5196103.0,0.34,0.93,0.32,2,2.17,False,False
1316595346,yes,1541591.0,5196301.0,0.22,0.75,0.17,1,2.11,False,False
1316595347,yes,1541572.0,5196282.0,0.24,0.81,0.2,1,2.08,False,False
1316595348,yes,1541594.0,5196271.0,0.29,0.88,0.27,1,2.1,False,False
1316595349,yes,1541428.0,5196371.0,0.24,0.72,0.18,1,2.08,False,False
1316595350,yes,1541341.0,5196353.0,0.24,0.77,0.18,1,2.0,False,False
1316595351,yes,1541354.0,5196323.0,0.24,0.77,0.18,1,2.0,False,False
1316595352,yes,1541371.0,5196247.0,0.3,0.91,0.28,2,2.0,False,False
1316595353,yes,1541253.0,5196431.0,0.28,0.77,0.22,1,2.0,False,False
1316595354,yes,1541416.0,5196367.0,0.24,0.73,0.18,1,2.06,False,False
1316595355,yes,1541235.0,5196494.0,0.29,0.76,0.22,1,2.0,False,False
1316595356,yes,1541258.0,5196486.0,0.29,0.78,0.22,1,2.0,False,False
1316595357,yes,1541281.0,5196164.0,0.45,1.03,0.47,2,2.0,False,False
1316595358,yes,1541256.0,5196179.0,0.45,1.0,0.45,2,1.96,False,False
1316595359,yes,1541268.0,5196149.0,0.46,1.03,0.47,2,1.96,False,False
1316595360,yes,1541246.0,5196205.0,0.4,0.95,0.38,2,2.0,False,False
1316595361,yes,1541291.0,5196095.0,0.33,0.91,0.3,2,2.0,False,False
1316597382,yes,1540056.0,5196149.0,0.12,0.48,0.06,1,,False,False
1316597383,yes,1540029.0,5196188.0,0.14,0.46,0.06,1,1.74,False,False
1316597384,yes,1540026.0,5196440.0,0.46,1.11,0.52,2,1.58,False,False
1316597385,yes,1540032.0,5196427.0,0.51,1.18,0.6,3,1.58,True,True
1316597386,yes,1539976.0,5196411.0,0.52,1.21,0.63,4,1.56,True,True
1316597387,yes,1540167.0,5196515.0,0.27,0.96,0.25,1,1.67,False,False
1316597388,yes,1540160.0,5196492.0,0.34,0.93,0.31,2,1.67,False,False
1316597389,yes,1539305.0,5196391.0,0.21,0.68,0.15,1,1.47,False,False
1316597390,yes,1539353.0,5196383.0,0.23,0.71,0.16,1,1.43,False,False
1316597391,yes,1539377.0,5196298.0,0.21,0.67,0.14,1,1.5,False,False
1316597392,yes,1539301.0,5196210.0,0.14,0.59,0.09,1,1.54,False,False
1316597393,yes,1539307.0,5196198.0,0.15,0.61,0.09,1,1.52,False,False
1316597394,yes,1539465.0,5196327.0,0.24,0.78,0.19,1,1.5,False,False
1316597395,yes,1539438.0,5196335.0,0.25,0.73,0.18,1,1.5,False,False
1347033696,detached,1541899.0,5197025.0,0.11,0.45,0.06,1,,False,False
1347033698,yes,1541923.0,5197029.0,0.12,0.41,0.05,1,,False,False
1347033699,yes,1541982.0,5196980.0,0.26,0.65,0.17,1,,False,False
1347033712,yes,1541807.0,5196784.0,0.24,0.72,0.18,1,2.25,False,False
1347033713,yes,1541909.0,5196745.0,0.28,0.77,0.21,1,2.25,False,False
1347033714,yes,1541981.0,5196712.0,0.29,0.8,0.23,1,2.25,False,False
1347033715,yes,1542013.0,5196719.0,0.3,0.83,0.25,2,2.25,False,False
1347033716,yes,1541943.0,5196725.0,0.28,0.78,0.22,1,2.25,False,False
1468953828,yes,1540982.0,5193368.0,0.28,0.78,0.23,1,2.07,False,False
224765554,yes,1544355.0,5195572.0,0.21,0.69,0.15,1,3.08,False,False
1316581540,yes,1544462.0,5195900.0,0.23,0.66,0.16,1,3.09,False,False
1316581541,yes,1544468.0,5195881.0,0.27,0.74,0.21,1,3.08,False,False
1316581542,yes,1544410.0,5195573.0,0.23,0.74,0.18,1,3.08,False,False
1316581543,yes,1544387.0,5195563.0,0.22,0.72,0.16,1,3.08,False,False
1316581544,yes,1544311.0,5195604.0,0.25,0.79,0.2,1,3.04,False,False
1316581545,yes,1544289.0,5195593.0,0.21,0.69,0.15,1,3.06,False,False
1316581546,yes,1544306.0,5195583.0,0.22,0.71,0.16,1,3.07,False,False
1316581547,yes,1544316.0,5195582.0,0.22,0.71,0.16,1,3.07,False,False
1316581548,yes,1544327.0,5195577.0,0.2,0.66,0.14,1,3.08,False,False
1316581549,yes,1544322.0,5195558.0,0.16,0.59,0.1,1,3.08,False,False
1316581550,yes,1544136.0,5195692.0,0.25,0.74,0.19,1,3.0,False,False
1316581551,yes,1544105.0,5195682.0,0.26,0.76,0.2,1,2.99,False,False
1316581552,yes,1544108.0,5195663.0,0.25,0.75,0.19,1,3.0,False,False
1316581553,yes,1544119.0,5195648.0,0.23,0.73,0.17,1,3.0,False,False
1316581554,yes,1544059.0,5195623.0,0.27,0.74,0.2,1,2.94,False,False
1316581555,yes,1544026.0,5195619.0,0.27,0.73,0.2,1,2.92,False,False
1316581556,yes,1544068.0,5195594.0,0.23,0.7,0.16,1,2.99,False,False
1316581557,yes,1544048.0,5195573.0,0.22,0.67,0.15,1,2.97,False,False
1316581558,yes,1544056.0,5195562.0,0.22,0.67,0.15,1,2.97,False,False
1316581559,yes,1544045.0,5195556.0,0.2,0.64,0.13,1,2.98,False,False
1316581560,yes,1544039.0,5195547.0,0.19,0.61,0.12,1,2.99,False,False
1316581561,yes,1544011.0,5195542.0,0.18,0.57,0.1,1,3.0,False,False
1316581562,yes,1543999.0,5195525.0,0.15,0.49,0.07,1,3.0,False,False
1316581564,yes,1543973.0,5195510.0,0.11,0.42,0.05,1,,False,False
1316581565,yes,1543984.0,5195513.0,0.12,0.44,0.05,1,3.0,False,False
1316581566,yes,1543982.0,5195489.0,0.11,0.42,0.05,1,,False,False
1316581568,yes,1543959.0,5195371.0,0.15,0.5,0.08,1,3.04,False,False
1316581569,yes,1543967.0,5195356.0,0.16,0.53,0.09,1,3.04,False,False
1316581570,yes,1543930.0,5195354.0,0.16,0.55,0.09,1,3.02,False,False
1316581571,yes,1543917.0,5195317.0,0.22,0.64,0.14,1,2.96,False,False
1316581576,yes,1543563.0,5195611.0,0.15,0.53,0.08,1,2.83,False,False
1316581577,yes,1543766.0,5195754.0,0.26,0.79,0.21,1,2.83,False,False
1316581578,yes,1543902.0,5195642.0,0.28,0.77,0.22,1,2.92,False,False
1316581579,yes,1543887.0,5195653.0,0.26,0.74,0.19,1,2.92,False,False
1316581580,yes,1543867.0,5195650.0,0.22,0.69,0.16,1,,False,False
1316581581,yes,1543875.0,5195683.0,0.34,0.84,0.29,2,2.92,False,False
1316581582,yes,1543941.0,5195619.0,0.25,0.68,0.17,1,2.93,False,False
1316581583,yes,1544146.0,5195594.0,0.2,0.64,0.13,1,3.0,False,False
1316581584,yes,1543570.0,5195770.0,0.15,0.55,0.08,1,2.82,False,False
1316581585,yes,1543575.0,5195787.0,0.16,0.59,0.1,1,2.81,False,False
1316581586,yes,1543203.0,5195931.0,0.31,0.73,0.23,2,2.67,False,False
1316581587,yes,1543204.0,5195911.0,0.34,0.77,0.27,2,2.66,False,False
1316581588,yes,1543302.0,5195771.0,0.19,0.58,0.12,1,2.67,False,False
1316581589,yes,1543314.0,5195755.0,0.17,0.54,0.09,1,2.67,False,False
1316581590,yes,1543282.0,5195766.0,0.2,0.6,0.13,1,2.67,False,False
1316581591,yes,1543308.0,5195526.0,0.14,0.54,0.08,1,2.75,False,False
1316581592,yes,1543319.0,5195496.0,0.12,0.52,0.06,1,2.75,False,False
1316581593,yes,1543295.0,5195506.0,0.13,0.53,0.07,1,2.75,False,False
1316581594,yes,1543482.0,5195467.0,0.18,0.64,0.12,1,2.83,False,False
1316581595,yes,1543272.0,5195380.0,0.12,0.48,0.06,1,2.75,False,False
1316581596,yes,1543246.0,5195402.0,0.12,0.5,0.06,1,2.75,False,False
1316581597,yes,1543256.0,5195417.0,0.12,0.5,0.06,1,2.75,False,False
1316581598,yes,1543222.0,5195509.0,0.14,0.52,0.07,1,2.73,False,False
1316581599,yes,1543186.0,5195489.0,0.14,0.54,0.08,1,2.68,False,False
1316581600,yes,1543152.0,5195488.0,0.15,0.56,0.08,1,2.67,False,False
1316581601,yes,1543173.0,5195511.0,0.14,0.55,0.08,1,2.67,False,False
1316581602,yes,1543104.0,5195549.0,0.16,0.58,0.09,1,2.67,False,False
1316581603,yes,1543035.0,5195574.0,0.16,0.59,0.1,1,2.58,False,False
1316581604,yes,1543064.0,5195566.0,0.17,0.6,0.1,1,2.63,False,False
1316581605,yes,1543070.0,5195567.0,0.17,0.6,0.1,1,2.63,False,False
1316581606,yes,1542828.0,5195674.0,0.26,0.75,0.2,1,2.5,False,False
1316581607,yes,1542815.0,5195652.0,0.26,0.74,0.19,1,2.5,False,False
1316581608,yes,1542828.0,5195635.0,0.23,0.71,0.17,1,2.5,False,False
1316581609,yes,1542747.0,5195626.0,0.26,0.76,0.2,1,2.5,False,False
1316581610,yes,1542639.0,5195573.0,0.24,0.77,0.19,1,2.5,False,False
1316581611,yes,1542618.0,5195529.0,0.2,0.65,0.13,1,2.5,False,False
1316581612,yes,1542504.0,5195635.0,0.31,0.84,0.26,2,2.42,False,False
1316581613,yes,1542455.0,5195667.0,0.36,0.95,0.34,2,2.42,False,False
1316581614,yes,1542448.0,5195653.0,0.34,0.92,0.31,2,2.42,False,False
1316581615,yes,1542441.0,5195639.0,0.32,0.9,0.29,2,2.42,False,False
1316581616,yes,1542424.0,5195648.0,0.33,0.92,0.31,2,2.42,False,False
1316581617,yes,1542269.0,5195747.0,0.26,0.77,0.2,1,2.33,False,False
1316581618,yes,1542257.0,5195759.0,0.25,0.76,0.19,1,2.33,False,False
1316581621,yes,1542362.0,5195461.0,0.11,0.47,0.05,1,,False,False
1316581622,yes,1542383.0,5195452.0,0.12,0.49,0.06,1,,False,False
1316581625,yes,1542558.0,5195439.0,0.11,0.45,0.05,1,,False,False
1316581626,yes,1542554.0,5195297.0,0.15,0.54,0.08,1,2.58,False,False
1316581627,yes,1542412.0,5195147.0,0.11,0.47,0.05,1,2.57,False,False
1316581628,yes,1542711.0,5195236.0,0.17,0.59,0.1,1,2.67,False,False
1316581629,yes,1542707.0,5195209.0,0.18,0.6,0.11,1,2.66,False,False
1316581630,yes,1542632.0,5195219.0,0.18,0.6,0.11,1,2.58,False,False
1316581631,yes,1542559.0,5195257.0,0.16,0.57,0.09,1,2.58,False,False
1316581633,yes,1542497.0,5195036.0,0.15,0.52,0.08,1,,False,False
1316581634,yes,1542506.0,5195021.0,0.13,0.47,0.07,1,,False,False
1316581635,yes,1542516.0,5195020.0,0.18,0.61,0.11,1,,False,False
1316581636,yes,1542471.0,5195036.0,0.16,0.55,0.09,1,2.39,False,False
1316581637,yes,1542488.0,5195006.0,0.19,0.64,0.13,1,2.26,False,False
1316581638,yes,1542645.0,5195006.0,0.14,0.46,0.06,1,,False,False
1316581639,yes,1542622.0,5194969.0,0.17,0.58,0.1,1,2.33,False,False
1316581643,yes,1543007.0,5194852.0,0.42,1.04,0.44,2,2.18,False,False
1316581644,yes,1543034.0,5194910.0,0.29,0.86,0.26,1,2.24,False,False
1316581645,yes,1543076.0,5194866.0,0.44,1.08,0.48,2,2.23,False,False
1316581646,yes,1543187.0,5195239.0,0.23,0.69,0.16,1,2.75,False,False
1316581647,yes,1543183.0,5195210.0,0.22,0.67,0.15,1,2.75,False,False
1316581648,yes,1543169.0,5195343.0,0.17,0.63,0.1,1,2.7,False,False
1316581649,yes,1543133.0,5195341.0,0.18,0.64,0.12,1,2.67,False,False
1316581650,yes,1543145.0,5195320.0,0.19,0.66,0.13,1,2.69,False,False
1316581651,yes,1543150.0,5195316.0,0.2,0.69,0.14,1,2.69,False,False
1316581652,yes,1543134.0,5195288.0,0.21,0.7,0.15,1,2.67,False,False
1316581653,yes,1543594.0,5195051.0,0.12,0.46,0.06,1,,False,False
1316581654,yes,1543716.0,5195038.0,0.17,0.61,0.11,1,2.89,False,False
1316581655,yes,1543740.0,5195042.0,0.21,0.65,0.13,1,2.76,False,False
1316581656,yes,1543910.0,5195070.0,0.15,0.61,0.09,1,3.0,False,False
1316581657,yes,1543764.0,5194922.0,0.27,0.77,0.21,1,2.42,False,False
1316581658,yes,1543724.0,5194901.0,0.35,0.92,0.33,2,2.36,False,False
1316581659,yes,1543758.0,5194736.0,0.54,1.21,0.65,4,2.33,True,True
1316581660,yes,1544175.0,5194844.0,0.24,0.7,0.17,1,2.5,False,False
1316581661,yes,1544174.0,5194948.0,0.33,0.85,0.28,2,2.5,False,False
1316581662,yes,1544114.0,5194891.0,0.26,0.76,0.2,1,2.5,False,False
1316581663,yes,1544110.0,5194859.0,0.22,0.69,0.15,1,2.5,False,False
1316581664,yes,1544060.0,5194899.0,0.25,0.72,0.18,1,2.5,False,False
1316581665,yes,1544044.0,5194880.0,0.21,0.65,0.14,1,2.5,False,False
1316581666,yes,1544033.0,5194896.0,0.23,0.67,0.15,1,2.5,False,False
1316581667,yes,1544018.0,5194899.0,0.23,0.69,0.16,1,2.47,False,False
1316581668,yes,1543998.0,5194907.0,0.25,0.73,0.18,1,2.46,False,False
1316581669,yes,1543988.0,5194911.0,0.25,0.73,0.18,1,2.46,False,False
1316581670,yes,1543998.0,5194944.0,0.3,0.79,0.23,1,2.47,False,False
1316581671,yes,1543965.0,5194830.0,0.3,0.86,0.28,2,2.42,False,False
1316581672,yes,1543729.0,5194705.0,0.5,1.22,0.61,4,2.33,True,True
1316581673,yes,1543732.0,5194685.0,0.5,1.21,0.61,4,2.33,True,True
1316581674,yes,1543750.0,5194682.0,0.53,1.21,0.64,4,2.33,True,True
1316581675,yes,1543827.0,5194495.0,0.42,1.09,0.46,2,2.4,False,False
1316581676,yes,1543807.0,5194474.0,0.39,1.03,0.41,2,2.38,False,False
1316581677,yes,1543853.0,5194424.0,0.3,0.9,0.28,2,2.42,False,False
1316581678,yes,1543870.0,5194430.0,0.31,0.93,0.3,2,2.42,False,False
1316581679,yes,1543753.0,5194373.0,0.23,0.7,0.16,1,2.42,False,False
1316581680,yes,1543717.0,5194369.0,0.24,0.73,0.18,1,2.39,False,False
1316581681,yes,1543657.0,5194425.0,0.33,0.93,0.31,2,2.33,False,False
1316581682,yes,1543559.0,5194454.0,0.33,0.97,0.32,2,2.33,False,False
1316581683,yes,1543535.0,5194432.0,0.32,0.91,0.29,2,2.33,False,False
1316581684,yes,1543490.0,5194409.0,0.31,0.85,0.26,2,2.31,False,False
1316588513,yes,1543695.0,5194191.0,0.37,0.92,0.35,2,2.38,False,False
1316588514,yes,1543680.0,5194214.0,0.34,0.88,0.3,2,2.37,False,False
1316588515,yes,1544213.0,5194291.0,0.26,0.7,0.18,1,2.52,False,False
1316588516,yes,1544291.0,5194201.0,0.2,0.61,0.12,1,2.58,False,False
1316588517,yes,1544505.0,5194068.0,0.13,0.51,0.07,1,2.67,False,False
1316588518,yes,1544485.0,5194064.0,0.14,0.52,0.07,1,2.65,False,False
1316588519,yes,1544469.0,5194068.0,0.15,0.55,0.08,1,2.64,False,False
1316588520,yes,1544600.0,5193933.0,0.35,0.96,0.34,2,2.58,False,False
1316588521,yes,1544604.0,5193900.0,0.34,0.96,0.34,2,2.58,False,False
1316588522,yes,1544636.0,5193884.0,0.32,0.97,0.32,2,2.58,False,False
1316588523,yes,1544412.0,5193926.0,0.49,1.19,0.59,2,2.53,False,False
1316588524,yes,1544724.0,5194040.0,0.15,0.53,0.08,1,2.73,False,False
1316588525,yes,1544687.0,5194039.0,0.17,0.55,0.09,1,2.68,False,False
1316588527,yes,1544656.0,5194266.0,0.34,0.9,0.31,2,2.6,False,False
1316588528,yes,1544641.0,5194203.0,0.27,0.73,0.2,1,2.66,False,False
1316588529,yes,1544663.0,5194206.0,0.28,0.74,0.21,1,2.66,False,False
1316588530,yes,1544745.0,5194336.0,0.48,1.14,0.56,2,2.58,False,False
1316588531,yes,1545049.0,5194408.0,0.58,1.22,0.71,4,2.67,True,True
1316588532,yes,1545021.0,5194395.0,0.62,1.24,0.77,4,2.67,True,True
1316588533,yes,1545028.0,5194377.0,0.62,1.24,0.77,4,2.67,True,True
1316588534,yes,1545050.0,5194383.0,0.61,1.25,0.77,4,2.67,True,True
1316588535,yes,1544926.0,5194476.0,0.57,1.19,0.68,4,2.64,True,True
1316588536,yes,1544895.0,5194450.0,0.55,1.21,0.67,4,2.63,True,True
1316588537,yes,1545162.0,5194349.0,0.65,1.31,0.86,4,2.68,True,True
1316588538,yes,1545140.0,5194328.0,0.64,1.29,0.82,4,2.67,True,True
1316588539,yes,1545017.0,5194410.0,0.6,1.23,0.73,4,2.67,True,True
1316588540,yes,1545182.0,5194324.0,0.64,1.3,0.83,4,2.71,True,True
1316588542,yes,1545358.0,5193812.0,0.26,0.74,0.19,1,2.83,False,False
1316588543,yes,1545355.0,5193779.0,0.31,0.83,0.26,2,2.83,False,False
1316588544,yes,1545326.0,5193777.0,0.32,0.85,0.27,2,2.83,False,False
1316588545,yes,1545309.0,5193801.0,0.27,0.78,0.21,1,2.83,False,False
1316588546,yes,1545467.0,5193826.0,0.12,0.42,0.06,1,,False,False
1316588553,yes,1545674.0,5194217.0,0.53,1.22,0.65,4,2.83,True,True
1316588554,yes,1545669.0,5194200.0,0.53,1.22,0.65,4,2.83,True,True
1316588555,yes,1545692.0,5194219.0,0.55,1.23,0.69,4,2.83,True,True
1316588556,yes,1545696.0,5194238.0,0.59,1.27,0.75,4,2.83,True,True
1316588557,yes,1545680.0,5194246.0,0.59,1.26,0.74,4,2.83,True,True
1316588558,yes,1545676.0,5194257.0,0.59,1.26,0.74,4,2.83,True,True
1316588559,yes,1545662.0,5194231.0,0.57,1.25,0.72,4,2.83,True,True
1316588560,yes,1545415.0,5194291.0,0.58,1.27,0.74,4,2.75,True,True
1316588561,yes,1545387.0,5194285.0,0.58,1.28,0.75,4,2.75,True,True
1316588562,yes,1545375.0,5194289.0,0.59,1.28,0.76,4,2.75,True,True
1316588563,yes,1545391.0,5194322.0,0.58,1.25,0.72,4,2.75,True,True
1316588564,yes,1545536.0,5194405.0,0.66,1.28,0.85,4,2.82,True,True
1316588565,yes,1545557.0,5194391.0,0.61,1.27,0.78,4,2.83,True,True
1316588566,yes,1545582.0,5194375.0,0.6,1.24,0.74,4,2.83,True,True
1316588567,yes,1545546.0,5194375.0,0.57,1.22,0.7,4,2.83,True,True
1316588568,yes,1545503.0,5194475.0,0.79,1.3,1.02,5,2.76,True,True
1316588569,yes,1545684.0,5194343.0,0.66,1.34,0.88,4,2.83,True,True
1316588570,yes,1545669.0,5194337.0,0.63,1.27,0.81,4,2.83,True,True
1316588571,yes,1545666.0,5194359.0,0.65,1.3,0.84,4,2.83,True,True
1316588572,yes,1545654.0,5194356.0,0.63,1.25,0.79,4,2.83,True,True
1316588573,yes,1545560.0,5194372.0,0.58,1.24,0.72,4,2.83,True,True
1316588574,yes,1545492.0,5194519.0,0.67,1.18,0.8,4,2.78,True,True
1316588575,yes,1545474.0,5194541.0,0.52,1.1,0.57,3,2.79,True,True
1316588576,yes,1545398.0,5194457.0,0.63,1.19,0.76,4,2.75,True,True
1316588577,yes,1545375.0,5194462.0,0.6,1.19,0.72,4,2.75,True,True
1316588578,yes,1545339.0,5194456.0,0.55,1.18,0.65,4,2.75,True,True
1316588579,yes,1545185.0,5194399.0,0.6,1.27,0.76,4,2.67,True,True
1316588580,yes,1545104.0,5194543.0,0.45,1.04,0.46,2,2.67,False,False
1316588581,yes,1545101.0,5194560.0,0.45,1.04,0.46,2,2.67,False,False
1316588582,yes,1544949.0,5194661.0,0.42,1.01,0.42,2,2.67,False,False
1316588583,yes,1544938.0,5194656.0,0.41,1.0,0.41,2,2.67,False,False
1316588584,yes,1544960.0,5194638.0,0.42,1.0,0.42,2,2.67,False,False
1316588585,yes,1544880.0,5194622.0,0.43,1.03,0.44,2,2.67,False,False
1316588586,yes,1544848.0,5194656.0,0.41,1.01,0.42,2,2.63,False,False
1316588587,yes,1544778.0,5194676.0,0.38,1.0,0.38,2,2.58,False,False
1316588588,yes,1544766.0,5194595.0,0.46,1.11,0.51,2,2.58,False,False
1316588589,yes,1544666.0,5194700.0,0.34,0.91,0.31,2,2.58,False,False
1316588590,yes,1544487.0,5194771.0,0.25,0.77,0.19,1,2.58,False,False
1316588591,yes,1544501.0,5194752.0,0.27,0.81,0.23,1,2.58,False,False
1316588592,yes,1544521.0,5194751.0,0.27,0.8,0.22,1,2.58,False,False
1316588593,yes,1544411.0,5194718.0,0.37,0.96,0.36,2,2.5,False,False
1316588594,yes,1544305.0,5194649.0,0.43,1.15,0.5,2,2.5,False,False
1316588595,yes,1544283.0,5194603.0,0.45,1.17,0.52,2,2.5,False,False
1316588596,yes,1544324.0,5194595.0,0.46,1.15,0.53,2,2.5,False,False
1316588597,yes,1544370.0,5194579.0,0.47,1.14,0.53,2,2.5,False,False
1316588598,yes,1544408.0,5194566.0,0.48,1.16,0.55,2,2.5,False,False
1316588599,yes,1544450.0,5194564.0,0.49,1.17,0.57,2,2.5,False,False
1316588600,yes,1544479.0,5194522.0,0.53,1.2,0.63,4,2.5,True,True
1316588601,yes,1544487.0,5194494.0,0.56,1.26,0.7,4,2.52,True,True
1316588602,yes,1544500.0,5194500.0,0.57,1.22,0.7,4,2.53,True,True
1316588603,yes,1544169.0,5194657.0,0.52,1.17,0.61,4,2.43,True,True
1316588604,yes,1544180.0,5194622.0,0.53,1.2,0.64,4,2.45,True,True
1316588605,yes,1544173.0,5194612.0,0.59,1.24,0.73,4,2.42,True,True
1316588606,yes,1543927.0,5195216.0,0.27,0.76,0.2,1,3.0,False,False
1316588607,yes,1543986.0,5195188.0,0.29,0.75,0.22,1,3.0,False,False
1316588608,yes,1543976.0,5195173.0,0.28,0.74,0.21,1,3.0,False,False
1316588617,yes,1542322.0,5194785.0,0.68,1.43,0.98,4,2.0,True,True
1316588618,yes,1542289.0,5194829.0,0.64,1.37,0.88,4,2.0,True,True
1316588619,yes,1542273.0,5194799.0,0.71,1.44,1.03,5,2.0,True,True
1316588620,yes,1542285.0,5194813.0,0.67,1.4,0.94,4,2.0,True,True
1316588621,yes,1542317.0,5194766.0,0.7,1.43,1.01,5,2.0,True,True
1316588622,yes,1542309.0,5194771.0,0.7,1.43,1.01,5,2.0,True,True
1316588623,yes,1542300.0,5194776.0,0.7,1.43,1.01,5,2.0,True,True
1316595251,yes,1543165.0,5196236.0,0.21,0.7,0.15,1,2.67,False,False
1316595252,yes,1543134.0,5196211.0,0.25,0.73,0.18,1,2.64,False,False
1316595253,yes,1543137.0,5196171.0,0.27,0.77,0.21,1,2.66,False,False
1316595254,yes,1542990.0,5196202.0,0.29,0.81,0.24,1,2.58,False,False
1316595255,yes,1542948.0,5196237.0,0.3,0.81,0.25,2,2.58,False,False
1316595256,yes,1542950.0,5196221.0,0.3,0.81,0.25,2,2.58,False,False
1316595257,yes,1542938.0,5196223.0,0.31,0.82,0.26,2,2.58,False,False
1316595258,yes,1542951.0,5196205.0,0.31,0.81,0.25,2,2.58,False,False
1316595259,yes,1542878.0,5196026.0,0.12,0.51,0.06,1,,False,False
1316595260,yes,1542879.0,5196041.0,0.13,0.54,0.07,1,,False,False
1316595263,yes,1542789.0,5195923.0,0.12,0.44,0.06,1,,False,False
1316595264,yes,1542794.0,5195878.0,0.22,0.73,0.17,1,2.5,False,False
1316595265,yes,1542772.0,5195888.0,0.16,0.6,0.1,1,,False,False
1316595266,yes,1542781.0,5195882.0,0.18,0.64,0.12,1,,False,False
1316595272,yes,1542414.0,5195972.0,0.11,0.51,0.06,1,,False,False
1316595273,yes,1542701.0,5195833.0,0.26,0.8,0.21,1,2.5,False,False
1316595274,yes,1542729.0,5195819.0,0.28,0.83,0.23,1,2.5,False,False
1316595275,yes,1542731.0,5195804.0,0.28,0.83,0.23,1,2.5,False,False
1316595276,yes,1542756.0,5195802.0,0.28,0.83,0.24,1,2.5,False,False
1316595277,yes,1542778.0,5195911.0,0.13,0.49,0.07,1,,False,False
1316595278,yes,1542923.0,5195391.0,0.17,0.62,0.11,1,2.6,False,False
1316595279,yes,1542907.0,5195405.0,0.18,0.65,0.12,1,2.58,False,False
1316595280,yes,1542365.0,5195972.0,0.16,0.65,0.12,1,,False,False
1316595281,yes,1542374.0,5195996.0,0.14,0.58,0.09,1,,False,False
1316595283,yes,1542295.0,5196001.0,0.15,0.55,0.09,1,,False,False
1316595284,yes,1542304.0,5195988.0,0.18,0.64,0.12,1,,False,False
1316595285,yes,1542262.0,5195986.0,0.21,0.69,0.14,1,2.33,False,False
1316595288,yes,1542490.0,5196227.0,0.2,0.7,0.14,1,2.42,False,False
1316595289,yes,1542509.0,5196253.0,0.18,0.66,0.12,1,2.42,False,False
1316595290,yes,1542499.0,5196263.0,0.17,0.63,0.11,1,2.42,False,False
1316595291,yes,1542434.0,5196302.0,0.18,0.6,0.11,1,2.4,False,False
1316595292,yes,1542383.0,5196299.0,0.2,0.64,0.13,1,2.37,False,False
1316595293,yes,1542422.0,5196284.0,0.19,0.62,0.12,1,2.42,False,False
1316595294,yes,1542393.0,5196266.0,0.21,0.66,0.14,1,2.36,False,False
1316595295,yes,1542442.0,5196397.0,0.13,0.51,0.07,1,2.42,False,False
1316595296,yes,1542542.0,5196369.0,0.16,0.55,0.09,1,2.46,False,False
1316595297,yes,1542561.0,5196345.0,0.17,0.58,0.1,1,2.46,False,False
1316595298,yes,1542566.0,5196390.0,0.19,0.62,0.12,1,2.5,False,False
1316595299,yes,1542586.0,5196392.0,0.2,0.66,0.14,1,2.5,False,False
1316595300,yes,1542602.0,5196416.0,0.24,0.73,0.18,1,2.5,False,False
1316595301,yes,1542768.0,5196246.0,0.24,0.72,0.18,1,2.5,False,False
1316595302,yes,1542734.0,5196171.0,0.22,0.68,0.15,1,2.5,False,False
1316595303,yes,1542733.0,5196145.0,0.22,0.68,0.15,1,2.5,False,False
1316595304,yes,1542686.0,5196139.0,0.22,0.71,0.16,1,2.48,False,False
1316595305,yes,1542690.0,5196155.0,0.23,0.72,0.16,1,2.48,False,False
1316595311,yes,1542978.0,5196648.0,0.4,0.82,0.33,2,2.61,False,False
1316595312,yes,1542960.0,5196629.0,0.38,0.82,0.31,2,2.58,False,False
1316595316,yes,1542787.0,5196809.0,0.13,0.51,0.07,1,,False,False
1316595317,yes,1542777.0,5196807.0,0.13,0.56,0.08,1,2.65,False,False
1316595318,yes,1542780.0,5196751.0,0.24,0.67,0.16,1,2.58,False,False
1316595319,yes,1542735.0,5196794.0,0.19,0.6,0.12,1,2.58,False,False
1316595322,yes,1542575.0,5196645.0,0.23,0.73,0.16,1,2.49,False,False
1316595323,yes,1542572.0,5196618.0,0.25,0.77,0.19,1,2.48,False,False
1316595324,yes,1542545.0,5196601.0,0.26,0.79,0.21,1,2.45,False,False
1316595325,yes,1542566.0,5196602.0,0.25,0.77,0.19,1,2.48,False,False
1316595326,yes,1542713.0,5196628.0,0.21,0.68,0.14,1,2.52,False,False
1316595327,yes,1542732.0,5196638.0,0.22,0.68,0.15,1,2.54,False,False
1316595328,yes,1542746.0,5196635.0,0.22,0.68,0.15,1,2.56,False,False
1316595329,yes,1542766.0,5196635.0,0.21,0.68,0.14,1,2.58,False,False
1316595330,yes,1542751.0,5196616.0,0.22,0.7,0.15,1,2.52,False,False
1316595331,yes,1542916.0,5196562.0,0.27,0.72,0.2,1,2.58,False,False
1316595332,yes,1542893.0,5196568.0,0.26,0.71,0.18,1,2.58,False,False
1316595333,yes,1542590.0,5196404.0,0.23,0.7,0.16,1,2.5,False,False
1316595334,yes,1542279.0,5196452.0,0.13,0.53,0.07,1,2.41,False,False
1316595335,yes,1542308.0,5196476.0,0.16,0.59,0.09,1,2.42,False,False
1316595336,yes,1542296.0,5196427.0,0.13,0.51,0.07,1,2.42,False,False
1347031020,yes,1542463.0,5196938.0,0.16,0.54,0.09,1,2.51,False,False
1347031021,yes,1542443.0,5196944.0,0.14,0.49,0.07,1,2.54,False,False
1347033727,detached,1542427.0,5196751.0,0.19,0.64,0.12,1,2.42,False,False
1347033728,garage,1542422.0,5196722.0,0.22,0.69,0.16,1,2.42,False,False
1347033729,yes,1542411.0,5196710.0,0.27,0.77,0.21,1,2.42,False,False
1347033730,yes,1542232.0,5196796.0,0.23,0.75,0.17,1,2.41,False,False
1468953817,yes,1542279.0,5193242.0,0.22,0.65,0.15,1,2.25,False,False
1468953818,yes,1542311.0,5193218.0,0.18,0.6,0.11,1,2.27,False,False
1468953819,yes,1542349.0,5193275.0,0.16,0.59,0.1,1,2.28,False,False
563119968,yes,1547639.0,5195376.0,0.13,0.45,0.06,1,,False,False
563119971,yes,1547224.0,5195288.0,0.24,0.7,0.17,1,4.08,False,False
563119972,yes,1547205.0,5195300.0,0.24,0.7,0.17,1,4.08,False,False
563119978,yes,1547420.0,5195340.0,0.28,0.77,0.22,1,4.12,False,False
563119979,yes,1547397.0,5195332.0,0.29,0.79,0.23,1,4.09,False,False
563119983,yes,1547705.0,5195139.0,0.22,0.7,0.16,1,4.25,False,False
563119984,yes,1547713.0,5195109.0,0.19,0.67,0.13,1,4.25,False,False
903175568,yes,1548287.0,5194760.0,0.11,0.38,0.04,1,4.8,False,False
903175569,yes,1548344.0,5194800.0,0.12,0.41,0.05,1,4.73,False,False
903175570,yes,1548313.0,5194799.0,0.11,0.41,0.04,1,4.72,False,False
903175581,yes,1548388.0,5194956.0,0.16,0.58,0.09,1,4.53,False,False
903175582,yes,1548384.0,5194932.0,0.16,0.57,0.09,1,4.54,False,False
903175583,yes,1548368.0,5194926.0,0.17,0.58,0.1,1,4.52,False,False
903175584,yes,1548400.0,5194924.0,0.15,0.56,0.09,1,4.56,False,False
903175591,yes,1548460.0,5195122.0,0.12,0.43,0.05,1,4.64,False,False
903175593,yes,1548411.0,5195052.0,0.13,0.47,0.06,1,4.58,False,False
903175594,yes,1548408.0,5195030.0,0.14,0.49,0.07,1,4.58,False,False
903183580,yes,1548193.0,5194901.0,0.18,0.56,0.1,1,4.49,False,False
903183581,yes,1548182.0,5194879.0,0.15,0.51,0.08,1,4.53,False,False
903183582,yes,1548128.0,5194879.0,0.14,0.47,0.07,1,4.52,False,False
903183592,yes,1547193.0,5195109.0,0.16,0.53,0.08,1,4.11,False,False
903183629,yes,1547937.0,5194160.0,0.12,0.4,0.05,1,4.62,False,False
1315517224,yes,1547254.0,5195423.0,0.13,0.47,0.07,1,,False,False
1315517226,yes,1547174.0,5195275.0,0.25,0.71,0.18,1,4.08,False,False
1315517227,yes,1547215.0,5195277.0,0.25,0.71,0.18,1,4.08,False,False
1315517228,yes,1547374.0,5195315.0,0.28,0.81,0.23,1,4.08,False,False
1315517231,yes,1547605.0,5195255.0,0.28,0.76,0.21,1,4.17,False,False
1315517232,yes,1547607.0,5195224.0,0.29,0.79,0.23,1,4.17,False,False
1315517233,yes,1547821.0,5195095.0,0.22,0.67,0.15,1,4.3,False,False
1315517234,yes,1547800.0,5195049.0,0.12,0.5,0.06,1,,False,False
1315517236,yes,1548217.0,5195085.0,0.11,0.42,0.05,1,,False,False
1315517237,yes,1548205.0,5195074.0,0.12,0.46,0.06,1,,False,False
1315517238,yes,1548199.0,5195048.0,0.13,0.51,0.07,1,,False,False
1315517239,yes,1548210.0,5195021.0,0.16,0.57,0.09,1,4.5,False,False
1315517240,yes,1548395.0,5194970.0,0.16,0.56,0.09,1,4.55,False,False
1315517241,yes,1548366.0,5194938.0,0.17,0.58,0.1,1,4.52,False,False
1315517242,yes,1548393.0,5194913.0,0.16,0.56,0.09,1,4.55,False,False
1315517243,yes,1548392.0,5194902.0,0.16,0.56,0.09,1,4.55,False,False
1315517244,yes,1548462.0,5195102.0,0.11,0.41,0.04,1,4.66,False,False
1315517245,yes,1548774.0,5195120.0,0.18,0.58,0.1,1,4.68,False,False
1315517246,yes,1548721.0,5195127.0,0.19,0.59,0.11,1,4.67,False,False
1315517247,yes,1548911.0,5195098.0,0.12,0.43,0.05,1,4.83,False,False
1315517248,yes,1548889.0,5195076.0,0.13,0.45,0.06,1,4.82,False,False
1315517249,yes,1548899.0,5195065.0,0.13,0.45,0.06,1,4.82,False,False
1315517254,yes,1548444.0,5195278.0,0.2,0.58,0.12,1,,False,False
1315517255,yes,1548456.0,5195242.0,0.24,0.66,0.16,1,4.51,False,False
1315517256,yes,1548479.0,5195253.0,0.23,0.64,0.15,1,4.53,False,False
1315518340,yes,1548281.0,5195343.0,0.11,0.41,0.06,1,,False,False
1315518343,yes,1548327.0,5195322.0,0.12,0.42,0.06,1,,False,False
1316595124,yes,1546763.0,5194227.0,0.46,1.12,0.52,2,3.08,False,False
1316595125,yes,1546807.0,5194215.0,0.44,1.12,0.49,2,3.08,False,False
1316595126,yes,1546817.0,5194211.0,0.44,1.12,0.49,2,3.08,False,False
1316595127,yes,1546775.0,5194178.0,0.5,1.15,0.57,2,3.08,True,False
1316595128,yes,1546736.0,5194179.0,0.49,1.16,0.57,2,3.08,False,False
1316595129,yes,1546730.0,5194169.0,0.49,1.16,0.57,2,3.08,False,False
1316595130,yes,1546708.0,5194056.0,0.34,0.98,0.33,2,3.08,False,False
1316595131,yes,1546754.0,5194068.0,0.34,1.01,0.35,2,3.08,False,False
1316595132,yes,1546871.0,5193954.0,0.31,0.89,0.29,2,3.17,False,False
1316595133,yes,1546850.0,5193942.0,0.3,0.85,0.26,1,3.17,False,False
1316595134,yes,1546860.0,5193931.0,0.23,0.75,0.19,1,3.17,False,False
1316595135,yes,1546804.0,5193955.0,0.29,0.82,0.24,1,3.17,False,False
1316595136,yes,1547063.0,5193864.0,0.26,0.84,0.22,1,3.25,False,False
1316595137,yes,1547092.0,5193870.0,0.28,0.88,0.25,1,3.25,False,False
1316595138,yes,1547100.0,5193921.0,0.39,1.03,0.41,2,3.19,False,False
1316595139,yes,1547088.0,5193956.0,0.44,1.08,0.47,2,3.17,False,False
1316595140,yes,1547267.0,5193947.0,0.53,1.18,0.63,4,3.25,True,True
1316595141,yes,1547297.0,5193989.0,0.52,1.19,0.62,4,3.25,True,True
1316595142,yes,1547339.0,5194006.0,0.48,1.14,0.54,2,3.25,False,False
1316595143,yes,1547356.0,5193973.0,0.47,1.14,0.53,2,3.25,False,False
1316595144,yes,1547234.0,5193867.0,0.42,1.01,0.43,2,3.25,False,False
1316595145,yes,1547221.0,5193861.0,0.42,1.01,0.43,2,3.25,False,False
1316595146,yes,1547201.0,5193865.0,0.39,0.97,0.39,2,3.25,False,False
1316595147,yes,1547280.0,5193814.0,0.36,0.98,0.36,2,3.25,False,False
1316595148,yes,1547715.0,5193645.0,0.83,1.49,1.23,5,3.33,True,True
1316595149,yes,1547751.0,5193658.0,0.84,1.49,1.25,5,3.34,True,True
1316595150,yes,1547755.0,5193676.0,0.88,1.5,1.31,5,3.35,True,True
1316595151,yes,1547797.0,5193734.0,0.97,1.54,1.49,5,3.37,True,True
1316595152,yes,1547796.0,5193771.0,0.97,1.52,1.47,5,3.35,True,True
1316595153,yes,1547800.0,5193760.0,1.03,1.56,1.6,5,3.38,True,True
1316595154,yes,1547868.0,5193886.0,0.23,0.66,0.21,1,,False,False
1316595155,yes,1547859.0,5193900.0,0.21,0.61,0.2,1,,False,False
1316595156,yes,1547829.0,5193903.0,0.26,0.72,0.26,1,,False,False
1316595157,yes,1547808.0,5193897.0,0.4,1.03,0.42,2,,False,False
1316595158,yes,1547837.0,5193865.0,0.44,1.07,0.48,2,3.42,False,False
1316595159,yes,1547857.0,5193854.0,0.54,1.15,0.65,4,3.42,True,True
1316595160,yes,1547862.0,5193866.0,0.33,0.86,0.36,2,,False,False
1316595161,yes,1547533.0,5193996.0,0.4,1.01,0.41,2,3.33,False,False
1316595162,yes,1547555.0,5193994.0,0.39,1.01,0.4,2,3.33,False,False
1316595163,yes,1547564.0,5193965.0,0.36,0.99,0.36,2,3.33,False,False
1316595166,yes,1548329.0,5193880.0,0.16,0.63,0.12,1,,False,False
1316595168,yes,1548157.0,5193688.0,1.08,1.79,1.93,5,3.42,True,True
1316595170,yes,1548715.0,5193703.0,1.14,1.83,2.1,5,3.5,True,True
1316595171,yes,1548699.0,5193682.0,1.28,1.91,2.44,5,3.5,True,True
1316595172,yes,1548462.0,5193677.0,1.25,1.77,2.2,5,3.5,True,True
1316595173,yes,1548862.0,5193629.0,0.99,1.72,1.7,5,3.58,True,True
1316595174,yes,1548947.0,5193560.0,0.84,1.53,1.29,5,3.58,True,True
1316595185,yes,1547943.0,5194149.0,0.11,0.39,0.04,1,4.65,False,False
1316595186,yes,1548093.0,5194220.0,0.11,0.42,0.05,1,,False,False
1316595227,yes,1547765.0,5194307.0,0.11,0.41,0.05,1,,False,False
1316595233,yes,1547098.0,5194140.0,0.51,1.16,0.59,3,3.17,True,True
1316595234,yes,1547128.0,5194123.0,0.56,1.2,0.67,4,3.2,True,True
1316595235,yes,1547111.0,5194110.0,0.52,1.17,0.61,4,3.17,True,True
1316595236,yes,1547376.0,5194477.0,0.12,0.45,0.05,1,,False,False
1316595237,yes,1547383.0,5194464.0,0.11,0.44,0.05,1,,False,False
1316595240,yes,1547181.0,5195142.0,0.18,0.57,0.1,1,4.08,False,False
1347035836,detached,1550256.0,5194401.0,0.18,0.52,0.09,1,5.37,False,False
1347035837,yes,1550221.0,5194397.0,0.15,0.45,0.07,1,5.43,False,False
1347035838,yes,1550246.0,5194365.0,0.13,0.43,0.06,1,5.44,False,False
1347035848,detached,1550130.0,5193899.0,0.12,0.43,0.05,1,,False,False
903175512,yes,1552868.0,5191838.0,0.3,0.8,0.24,2,4.75,False,False
903175523,yes,1552793.0,5191886.0,0.38,0.9,0.34,2,4.7,False,False
903175524,yes,1552742.0,5191901.0,0.41,0.94,0.39,2,4.67,False,False
903175527,yes,1552690.0,5191909.0,0.43,0.94,0.4,2,4.67,False,False
903175503,yes,1551114.0,5192940.0,0.31,0.93,0.29,2,4.08,False,False
1347033772,detached,1550503.0,5194507.0,0.12,0.42,0.05,1,5.55,False,False
1347033773,yes,1550477.0,5194494.0,0.15,0.5,0.08,1,5.46,False,False
1347033774,yes,1550512.0,5194494.0,0.14,0.45,0.06,1,5.52,False,False
1347033775,garage,1550524.0,5194469.0,0.15,0.48,0.07,1,5.51,False,False
1347033777,detached,1550832.0,5194513.0,0.12,0.44,0.06,1,,False,False
1347033778,garage,1550831.0,5194484.0,0.13,0.47,0.06,1,5.6,False,False
1347033779,detached,1550973.0,5194463.0,0.16,0.52,0.08,1,5.67,False,False
1347033780,yes,1551010.0,5194470.0,0.15,0.51,0.08,1,5.69,False,False
1347033781,yes,1551017.0,5194483.0,0.14,0.49,0.07,1,,False,False
1347033795,garage,1551368.0,5194370.0,0.11,0.41,0.04,1,,False,False
1347033803,yes,1551583.0,5194580.0,0.18,0.54,0.1,1,5.99,False,False
1347033804,detached,1551591.0,5194630.0,0.11,0.41,0.05,1,,False,False
1347033808,detached,1552125.0,5194320.0,0.16,0.54,0.09,1,6.25,False,False
1347033809,yes,1552128.0,5194295.0,0.14,0.48,0.07,1,,False,False
1347033810,detached,1552062.0,5194466.0,0.15,0.47,0.07,1,6.22,False,False
1347033811,garage,1552082.0,5194435.0,0.15,0.47,0.07,1,6.25,False,False
1347033812,yes,1552112.0,5194449.0,0.13,0.43,0.06,1,6.25,False,False
1347033813,detached,1551841.0,5194532.0,0.2,0.58,0.12,1,6.08,False,False
1347033814,garage,1551843.0,5194507.0,0.21,0.61,0.13,1,6.08,False,False
1347033815,yes,1551826.0,5194506.0,0.21,0.61,0.13,1,6.08,False,False
1347033816,yes,1551885.0,5194499.0,0.19,0.56,0.11,1,6.1,False,False
1315520428,yes,1556264.0,5192182.0,0.49,0.99,0.48,2,5.75,False,False
1315520429,yes,1556069.0,5192059.0,0.14,0.44,0.06,1,,False,False
1315520430,yes,1555910.0,5191954.0,0.22,0.5,0.11,1,5.75,False,False
1315520431,yes,1555911.0,5191913.0,0.27,0.56,0.16,1,5.73,False,False
1315520432,yes,1555837.0,5191817.0,0.38,0.83,0.32,2,5.67,False,False
1315520435,yes,1555970.0,5191780.0,0.45,0.9,0.4,2,5.67,False,False
1315520436,yes,1555830.0,5191796.0,0.41,0.86,0.35,2,5.67,False,False
1315520437,yes,1557440.0,5191659.0,0.14,0.47,0.07,1,,False,False
1315520438,yes,1557438.0,5191590.0,0.23,0.58,0.14,1,6.25,False,False
1315520439,yes,1557367.0,5191602.0,0.27,0.52,0.14,1,6.18,False,False
1315520440,yes,1557460.0,5191648.0,0.14,0.47,0.07,1,,False,False
1315520441,yes,1556601.0,5191164.0,0.27,0.72,0.19,1,5.97,False,False
1315520442,yes,1556120.0,5191209.0,0.49,0.73,0.35,2,5.75,False,False
1315520443,yes,1555912.0,5191208.0,0.39,0.9,0.35,2,5.73,False,False
1315520444,yes,1555931.0,5191210.0,0.4,0.91,0.37,2,5.74,False,False
1315520445,yes,1555952.0,5191198.0,0.41,0.92,0.37,2,5.75,False,False
1315520446,yes,1556201.0,5191134.0,0.32,0.8,0.26,2,5.83,False,False
1315520447,yes,1556208.0,5191106.0,0.33,0.83,0.27,2,5.83,False,False
1315520448,yes,1556165.0,5191100.0,0.44,0.82,0.36,2,5.83,False,False
1315520449,yes,1556192.0,5191116.0,0.39,0.82,0.32,2,5.83,False,False
1315520450,yes,1555953.0,5191186.0,0.41,0.92,0.37,2,5.75,False,False
1315520417,yes,1555419.0,5193698.0,0.14,0.35,0.05,1,,False,False
1315520418,yes,1556020.0,5193212.0,0.16,0.49,0.08,1,6.26,False,False
1315520419,yes,1556024.0,5193197.0,0.17,0.51,0.09,1,6.24,False,False
1315520420,yes,1556117.0,5192809.0,0.19,0.55,0.1,1,6.0,False,False
1315520421,yes,1556030.0,5192856.0,0.2,0.61,0.12,1,5.92,False,False
1315520422,yes,1556017.0,5192852.0,0.2,0.61,0.12,1,5.92,False,False
1315520423,yes,1555991.0,5192873.0,0.19,0.6,0.11,1,5.95,False,False
1315520424,yes,1555989.0,5192860.0,0.2,0.61,0.12,1,5.92,False,False
1315520425,yes,1556498.0,5192811.0,0.2,0.55,0.11,1,6.21,False,False
1315520426,yes,1556442.0,5192754.0,0.18,0.49,0.09,1,6.17,False,False
1315520427,yes,1556464.0,5192733.0,0.18,0.49,0.09,1,6.17,False,False
1133346707,yes,1559054.0,5192182.0,0.18,0.49,0.09,1,6.78,False,False
1133346708,yes,1559090.0,5192094.0,0.18,0.53,0.1,1,6.76,False,False
1133346710,yes,1559130.0,5192082.0,0.18,0.52,0.09,1,6.79,False,False
1133346711,yes,1559102.0,5192092.0,0.18,0.52,0.1,1,6.77,False,False
1133346689,yes,1559059.0,5193341.0,0.15,0.63,0.17,1,7.37,False,False
1133346690,yes,1559006.0,5193339.0,0.15,0.64,0.17,1,7.37,False,False
1133346692,yes,1559024.0,5193187.0,0.14,0.56,0.11,1,7.4,False,False
1133346694,yes,1559019.0,5193167.0,0.14,0.53,0.1,1,7.39,False,False
1133346714,yes,1559103.0,5193150.0,0.12,0.46,0.07,1,7.54,False,False
1133346721,yes,1559391.0,5193362.0,0.11,0.51,0.08,1,,False,False
1133346722,yes,1559399.0,5193332.0,0.14,0.62,0.16,1,7.53,False,False
1133346723,yes,1559376.0,5193335.0,0.14,0.64,0.17,1,7.53,False,False
1133346726,yes,1559482.0,5193229.0,0.15,0.63,0.18,1,7.58,False,False
1133346727,yes,1559522.0,5193171.0,0.12,0.5,0.1,1,,False,False
1133346728,yes,1559510.0,5193160.0,0.12,0.46,0.08,1,,False,False
1133346733,yes,1559749.0,5193278.0,0.12,0.59,0.13,1,7.67,False,False
1133346734,yes,1559749.0,5193240.0,0.12,0.56,0.12,1,7.68,False,False
