chainage_m,E,N,thalweg_mRL,crest_left_mRL,crest_right_mRL,bankfull_mRL,limiting_bank,bankfull_depth_m,top_width_m,area_m2,capacity_m3s,slope,right_crest_E,right_crest_N,level_100_mRL,over_right_100_m,over_left_100_m,level_150_mRL,over_right_150_m,over_left_150_m,level_300_mRL,over_right_300_m,over_left_300_m,level_500_mRL,over_right_500_m,over_left_500_m,level_800_mRL,over_right_800_m,over_left_800_m,level_1200_mRL,over_right_1200_m,over_left_1200_m,path_min_dist_to_north_embankment_m,path_length_km,path_end_E,path_end_N,right_bank_in_d8_catchment,right_bank_in_anypath_area,mfd_share_at_north_embankment,chainage_rel_site_km
6086.596,1521260.011,5206240.07,347.976,410.093,357.612,357.612,right,9.636,728.0,2705.656,19467.704,0.011,1520783.798,5205827.612,350.526,-7.086,-59.568,350.726,-6.886,-59.368,351.176,-6.436,-58.918,351.576,-6.036,-58.518,351.876,-5.736,-58.218,352.276,-5.336,-57.818,5819.565,46.16,1562490.0,5191190.0,False,True,0.0,-18.875
6336.596,1521442.189,5206189.703,346.761,403.975,350.025,350.025,right,3.264,284.0,585.376,2659.377,0.01,1521547.285,5205947.524,347.161,-2.864,-56.814,347.361,-2.664,-56.614,347.611,-2.414,-56.364,347.861,-2.164,-56.114,348.111,-1.914,-55.864,348.411,-1.614,-55.564,5819.565,45.38,1562490.0,5191190.0,False,False,0.0,-18.625
6586.596,1521629.26,5206100.792,344.066,358.563,350.65,350.65,right,6.584,432.0,901.002,4218.928,0.01,1521415.879,5205704.599,346.016,-4.634,-12.547,346.166,-4.484,-12.397,346.516,-4.134,-12.047,346.966,-3.684,-11.597,347.566,-3.084,-10.997,347.966,-2.684,-10.597,5819.565,45.5,1562490.0,5191190.0,False,True,0.0,-18.375
6836.596,1521840.347,5205994.195,340.253,376.756,349.688,349.688,right,9.435,590.0,2969.528,23839.852,0.009,1521565.914,5205689.586,342.453,-7.235,-34.303,342.603,-7.085,-34.153,342.853,-6.835,-33.903,343.103,-6.585,-33.653,343.403,-6.285,-33.353,343.653,-6.035,-33.103,5813.87,45.28,1562490.0,5191190.0,False,True,0.0,-18.125
7086.596,1521906.422,5205783.133,339.066,375.586,349.621,349.621,right,10.555,966.0,4370.299,31201.72,0.008,1521339.489,5205527.26,339.166,-10.455,-36.419,339.316,-10.305,-36.269,339.716,-9.905,-35.869,340.116,-9.505,-35.469,340.566,-9.055,-35.019,340.966,-8.655,-34.619,5819.565,45.44,1562490.0,5191190.0,False,True,0.0,-17.875
7336.596,1522079.383,5205914.804,337.277,351.267,345.303,345.303,right,8.026,332.0,1513.498,10264.497,0.008,1522121.651,5205821.974,339.577,-5.726,-11.69,339.777,-5.526,-11.49,340.077,-5.226,-11.19,340.327,-4.976,-10.94,340.627,-4.676,-10.64,340.927,-4.376,-10.34,5825.322,44.7,1562490.0,5191190.0,False,True,0.0,-17.625
7586.596,1522235.927,5205742.025,333.363,366.194,344.285,344.285,right,10.922,856.0,3181.214,17879.307,0.007,1521775.489,5205409.428,334.763,-9.522,-31.431,334.963,-9.322,-31.231,335.613,-8.672,-30.581,336.013,-8.272,-30.181,336.463,-7.822,-29.731,336.913,-7.372,-29.281,5825.322,45.12,1562490.0,5191190.0,False,True,0.0,-17.375
7836.596,1522370.146,5205697.89,334.302,345.14,341.454,341.454,right,7.152,192.0,771.687,4257.707,0.006,1522427.203,5205673.631,334.602,-6.852,-10.538,334.852,-6.602,-10.288,335.502,-5.952,-9.638,336.052,-5.402,-9.088,336.652,-4.802,-8.488,337.102,-4.352,-8.038,5825.322,44.34,1562490.0,5191190.0,False,True,0.0,-17.125
8086.596,1522441.288,5205900.506,332.46,409.612,341.736,341.736,right,9.276,160.0,934.107,6543.408,0.006,1522444.448,5205748.539,335.41,-6.326,-74.202,335.61,-6.126,-74.002,336.06,-5.676,-73.552,336.51,-5.226,-73.102,337.01,-4.726,-72.602,337.56,-4.176,-72.052,5825.322,44.34,1562490.0,5191190.0,False,True,0.0,-16.875
8336.596,1522653.843,5205785.843,330.782,349.76,339.676,339.676,right,8.894,302.0,1534.616,10229.677,0.006,1522556.17,5205641.843,333.032,-6.644,-16.728,333.432,-6.244,-16.328,334.532,-5.144,-15.228,334.882,-4.794,-14.878,335.282,-4.394,-14.478,335.732,-3.944,-14.028,5825.322,44.22,1562490.0,5191190.0,False,True,0.0,-16.625
8586.596,1522837.924,5205630.589,328.916,338.247,337.005,337.005,right,8.089,332.0,1700.48,11319.431,0.006,1522771.434,5205480.672,331.616,-5.389,-6.631,331.766,-5.239,-6.481,332.016,-4.989,-6.231,332.316,-4.689,-5.931,332.566,-4.439,-5.681,332.916,-4.089,-5.331,5825.322,43.98,1562490.0,5191190.0,False,True,0.0,-16.375
8836.596,1523078.07,5205561.091,327.11,335.67,335.8,335.67,left,8.56,244.0,1312.189,9683.728,0.007,1523045.823,5205449.664,330.01,-5.79,-5.66,330.21,-5.59,-5.46,330.51,-5.29,-5.16,330.81,-4.99,-4.86,331.11,-4.69,-4.56,331.51,-4.29,-4.16,5813.87,43.54,1562490.0,5191190.0,False,False,0.0,-16.125
9086.596,1523320.839,5205543.53,324.933,333.267,333.762,333.267,left,8.334,274.0,1414.059,10639.653,0.008,1523332.585,5205472.495,327.583,-6.178,-5.684,327.833,-5.928,-5.434,328.133,-5.628,-5.134,328.383,-5.378,-4.884,328.683,-5.078,-4.584,328.983,-4.778,-4.284,5819.565,43.34,1562490.0,5191190.0,False,False,0.0,-15.875
9336.596,1523566.766,5205588.474,323.269,331.208,328.918,328.918,right,5.649,346.0,1315.754,8014.795,0.008,1523605.919,5205351.69,324.919,-3.999,-6.289,325.069,-3.849,-6.139,325.369,-3.549,-5.839,325.619,-3.299,-5.589,325.869,-3.049,-5.339,326.169,-2.749,-5.039,5819.565,42.86,1562490.0,5191190.0,False,False,0.0,-15.625
9586.596,1523809.82,5205572.935,321.313,328.342,327.291,327.291,right,5.978,206.0,776.092,4594.222,0.008,1523788.117,5205396.264,323.163,-4.128,-5.18,323.363,-3.928,-4.98,323.763,-3.528,-4.58,323.963,-3.328,-4.38,324.263,-3.028,-4.08,324.613,-2.678,-3.73,5825.322,42.84,1562490.0,5191190.0,False,False,0.0,-15.375
9836.596,1524045.503,5205533.523,319.317,327.057,325.874,325.874,right,6.558,616.0,1868.181,9484.516,0.007,1523969.176,5204912.194,320.967,-4.908,-6.09,321.117,-4.758,-5.94,321.367,-4.508,-5.69,321.617,-4.258,-5.44,321.817,-4.058,-5.24,322.067,-3.808,-4.99,5819.565,42.68,1562490.0,5191190.0,False,True,0.0,-15.125
10086.596,1524264.551,5205477.265,316.945,320.299,328.202,320.299,left,3.354,416.0,816.015,3090.23,0.007,1523667.619,5205372.824,317.095,-11.107,-3.204,317.245,-10.957,-3.054,317.595,-10.607,-2.704,317.895,-10.307,-2.404,318.195,-10.007,-2.104,318.495,-9.707,-1.804,5819.565,43.04,1562490.0,5191190.0,False,False,0.0,-14.875
10336.596,1524340.773,5205271.646,316.152,322.149,324.973,322.149,left,5.997,492.0,1457.223,7168.305,0.007,1524257.822,5204933.677,318.102,-6.871,-4.047,318.252,-6.721,-3.897,318.552,-6.421,-3.597,318.752,-6.221,-3.397,319.052,-5.921,-3.097,319.352,-5.621,-2.797,5825.322,42.48,1562490.0,5191190.0,False,True,0.0,-14.625
10586.596,1524530.798,5205409.394,314.405,323.001,319.992,319.992,right,5.587,354.0,1267.504,7031.9,0.007,1524649.154,5205216.864,316.155,-3.837,-6.846,316.305,-3.687,-6.696,316.605,-3.387,-6.396,316.955,-3.037,-6.046,317.355,-2.637,-5.646,317.655,-2.337,-5.346,5813.87,41.86,1562490.0,5191190.0,False,True,0.0,-14.375
10836.596,1524764.355,5205389.128,312.72,317.985,319.379,317.985,left,5.265,252.0,876.235,4747.147,0.007,1524672.736,5204792.117,314.27,-5.109,-3.715,314.47,-4.909,-3.515,314.92,-4.459,-3.065,315.27,-4.109,-2.715,315.57,-3.809,-2.415,315.87,-3.509,-2.115,5819.565,42.02,1562490.0,5191190.0,False,True,0.0,-14.125
11086.596,1525009.83,5205376.098,310.139,319.537,314.389,314.389,right,4.25,404.0,824.355,3214.781,0.007,1525144.565,5205236.519,311.639,-2.75,-7.898,311.839,-2.55,-7.698,312.189,-2.2,-7.348,312.589,-1.8,-6.948,313.089,-1.3,-6.448,313.389,-1.0,-6.148,5813.87,41.38,1562490.0,5191190.0,False,True,0.0,-13.875
11336.596,1525175.956,5205450.341,309.276,312.608,316.359,312.608,left,3.331,480.0,963.843,3916.101,0.008,1524999.518,5204961.189,309.976,-6.383,-2.631,310.076,-6.283,-2.531,310.376,-5.983,-2.231,310.576,-5.783,-2.031,310.826,-5.533,-1.781,311.076,-5.283,-1.531,5825.322,41.7,1562490.0,5191190.0,False,True,0.0,-13.625
11586.596,1525392.185,5205495.078,306.774,312.391,311.284,311.284,right,4.511,276.0,823.658,4423.83,0.008,1525456.518,5205337.721,308.224,-3.061,-4.167,308.374,-2.911,-4.017,308.674,-2.611,-3.717,308.924,-2.361,-3.467,309.224,-2.061,-3.167,309.524,-1.761,-2.867,5813.87,41.08,1562490.0,5191190.0,False,True,0.0,-13.375
11836.596,1525629.616,5205571.744,305.047,311.638,306.778,306.778,right,1.731,212.0,162.347,356.699,0.009,1525752.261,5205478.61,305.747,-1.031,-5.891,305.847,-0.931,-5.791,305.997,-0.781,-5.641,306.197,-0.581,-5.441,306.397,-0.381,-5.241,306.597,-0.181,-5.041,5825.322,40.74,1562490.0,5191190.0,False,False,0.0,-13.125
12086.596,1525782.293,5205658.575,302.482,306.137,308.201,306.137,left,3.656,376.0,452.686,1340.71,0.008,1525758.742,5205031.017,303.932,-4.269,-2.206,304.032,-4.169,-2.106,304.282,-3.919,-1.856,304.482,-3.719,-1.656,304.782,-3.419,-1.356,305.032,-3.169,-1.106,5825.322,40.92,1562490.0,5191190.0,False,True,0.0,-12.875
12336.596,1525964.955,5205668.442,300.072,304.365,306.691,304.365,left,4.293,296.0,364.396,1144.017,0.009,1525941.704,5205048.878,302.222,-4.469,-2.143,302.672,-4.019,-1.693,302.972,-3.719,-1.393,303.222,-3.469,-1.143,303.472,-3.219,-0.893,303.822,-2.869,-0.543,5819.565,40.7,1562490.0,5191190.0,False,True,0.0,-12.625
12586.596,1526197.048,5205651.779,297.854,302.861,304.777,302.861,left,5.007,214.0,414.596,1733.754,0.009,1526175.522,5205078.182,300.304,-4.473,-2.557,300.654,-4.123,-2.207,300.904,-3.873,-1.957,301.104,-3.673,-1.757,301.354,-3.423,-1.507,301.554,-3.223,-1.307,5813.87,40.48,1562490.0,5191190.0,False,True,0.0,-12.375
12836.596,1526442.987,5205654.243,295.705,301.641,302.612,301.641,left,5.936,444.0,629.787,2092.127,0.009,1526423.261,5205128.613,298.055,-4.557,-3.586,298.255,-4.357,-3.386,298.855,-3.757,-2.786,299.205,-3.407,-2.436,299.455,-3.157,-2.186,299.655,-2.957,-1.986,5819.565,40.28,1562490.0,5191190.0,False,True,0.0,-12.125
13086.596,1526692.197,5205634.391,294.268,298.836,298.338,298.338,right,4.07,202.0,277.199,878.054,0.008,1526700.331,5205576.964,295.768,-2.57,-3.068,295.968,-2.37,-2.868,296.368,-1.97,-2.468,296.718,-1.62,-2.118,297.068,-1.27,-1.768,297.518,-0.82,-1.318,5813.87,39.76,1562490.0,5191190.0,False,False,0.0,-11.875
13336.596,1526918.222,5205737.35,291.797,300.138,295.832,295.832,right,4.036,318.0,525.299,1866.854,0.008,1526963.0,5205650.179,291.847,-3.986,-8.291,291.847,-3.986,-8.291,291.847,-3.986,-8.291,291.847,-3.986,-8.291,292.097,-3.736,-8.041,292.697,-3.136,-7.441,5819.565,39.32,1562490.0,5191190.0,False,False,0.0,-11.625
13586.596,1527132.266,5205794.907,289.695,301.529,297.868,297.868,right,8.173,618.0,1692.595,8282.115,0.008,1526679.768,5205356.562,292.295,-5.573,-9.235,292.845,-5.023,-8.685,293.245,-4.623,-8.285,293.595,-4.273,-7.935,294.095,-3.773,-7.435,294.445,-3.423,-7.085,5819.565,40.1,1562490.0,5191190.0,False,False,0.0,-11.375
13836.596,1527312.257,5205622.191,288.266,298.377,294.819,294.819,right,6.553,656.0,1720.384,8065.707,0.008,1526866.943,5205190.804,290.516,-4.303,-7.861,290.666,-4.153,-7.711,290.866,-3.953,-7.511,291.116,-3.703,-7.261,291.366,-3.453,-7.011,291.616,-3.203,-6.761,5825.322,39.84,1562490.0,5191190.0,False,False,0.0,-11.125
14086.596,1527473.739,5205431.795,285.938,296.815,291.708,291.708,right,5.77,546.0,1816.059,9712.772,0.007,1527342.56,5205184.425,287.338,-4.37,-9.477,287.588,-4.12,-9.227,288.138,-3.57,-8.677,288.638,-3.07,-8.177,289.038,-2.67,-7.777,289.288,-2.42,-7.527,5813.87,38.92,1562490.0,5191190.0,False,False,0.0,-10.875
14336.596,1527719.275,5205397.555,283.902,297.198,289.546,289.546,right,5.644,638.0,1605.129,6835.698,0.007,1527694.381,5205094.576,286.202,-3.344,-10.996,286.402,-3.144,-10.796,286.752,-2.794,-10.446,287.052,-2.494,-10.146,287.352,-2.194,-9.846,287.602,-1.944,-9.596,5819.565,38.48,1562490.0,5191190.0,False,False,0.0,-10.625
14586.596,1527908.294,5205284.246,282.17,289.497,289.373,289.373,right,7.204,678.0,2237.725,11552.918,0.007,1527666.614,5205014.738,284.22,-5.154,-5.278,284.42,-4.954,-5.078,284.77,-4.604,-4.728,285.07,-4.304,-4.428,285.57,-3.804,-3.928,285.87,-3.504,-3.628,5819.565,39.02,1562490.0,5191190.0,False,False,0.0,-10.375
14836.596,1528102.489,5205134.755,280.433,287.24,289.371,287.24,left,6.807,876.0,3002.212,15941.73,0.007,1527773.115,5204659.785,281.733,-7.639,-5.507,281.933,-7.439,-5.307,282.333,-7.039,-4.907,282.633,-6.739,-4.607,282.933,-6.439,-4.307,283.183,-6.189,-4.057,5825.322,38.58,1562490.0,5191190.0,False,True,0.0,-10.125
15086.596,1528334.203,5205157.276,279.283,285.821,283.563,283.563,right,4.28,804.0,1704.986,6616.206,0.007,1528092.408,5204658.828,280.583,-2.98,-5.237,280.683,-2.88,-5.137,281.033,-2.53,-4.787,281.233,-2.33,-4.587,281.483,-2.08,-4.337,281.733,-1.83,-4.087,5825.322,38.28,1562490.0,5191190.0,False,False,0.0,-9.875
15336.596,1528557.967,5205047.255,277.749,282.01,284.146,282.01,left,4.261,776.0,1717.306,6953.651,0.007,1528283.002,5204480.427,278.799,-5.347,-3.211,278.899,-5.247,-3.111,279.199,-4.947,-2.811,279.399,-4.747,-2.611,279.649,-4.497,-2.361,279.899,-4.247,-2.111,3560.243,36.24,1562490.0,5191190.0,False,True,0.0,-9.625
15586.596,1528800.782,5204990.285,276.743,281.665,280.004,280.004,right,3.262,858.0,1572.616,5799.019,0.007,1528775.561,5204502.937,277.743,-2.262,-3.922,277.893,-2.112,-3.772,278.043,-1.962,-3.622,278.243,-1.762,-3.422,278.443,-1.562,-3.222,278.743,-1.262,-2.922,3557.13,35.78,1562490.0,5191190.0,False,True,0.0,-9.375
15836.596,1529047.065,5205005.768,274.199,277.887,278.37,277.887,left,3.688,788.0,1638.488,6807.91,0.008,1528916.244,5204420.203,275.199,-3.171,-2.688,275.299,-3.071,-2.588,275.499,-2.871,-2.388,275.699,-2.671,-2.188,275.949,-2.421,-1.938,276.149,-2.221,-1.738,3549.385,35.62,1562490.0,5191190.0,False,True,0.0,-9.125
16086.596,1529244.068,5204863.711,271.824,274.413,277.108,274.413,left,2.589,624.0,849.507,2675.162,0.008,1529045.255,5204413.669,272.824,-4.284,-1.589,272.924,-4.184,-1.489,273.174,-3.934,-1.239,273.424,-3.684,-0.989,273.674,-3.434,-0.739,273.874,-3.234,-0.539,3557.13,35.48,1562490.0,5191190.0,False,True,0.0,-8.875
16336.596,1529481.81,5204790.716,269.963,272.642,275.571,272.642,left,2.679,710.0,1200.65,4367.863,0.008,1529239.356,5204241.885,270.663,-4.908,-1.979,270.763,-4.808,-1.879,271.013,-4.558,-1.629,271.213,-4.358,-1.429,271.413,-4.158,-1.229,271.663,-3.908,-0.979,3560.243,35.28,1562490.0,5191190.0,False,True,0.0,-8.625
16586.596,1529725.623,5204735.917,268.422,269.473,274.405,269.473,left,1.051,48.0,14.949,17.716,0.008,1529509.838,5204247.457,268.472,-5.933,-1.001,268.472,-5.933,-1.001,268.722,-5.683,-0.751,268.972,-5.433,-0.501,269.222,-5.183,-0.251,269.472,-4.933,-0.001,3549.385,35.02,1562490.0,5191190.0,False,True,0.0,-8.375
16836.596,1529945.23,5204620.21,266.015,267.992,272.864,267.992,left,1.977,78.0,78.818,193.803,0.007,1529782.785,5204252.493,266.165,-6.699,-1.827,266.315,-6.549,-1.677,266.565,-6.299,-1.427,266.815,-6.049,-1.177,267.115,-5.749,-0.877,267.415,-5.449,-0.577,3560.243,34.74,1562490.0,5191190.0,False,True,0.0,-8.125
17086.596,1530185.119,5204600.186,265.117,267.178,266.954,266.954,right,1.837,486.0,333.624,615.701,0.007,1530208.006,5204531.921,265.667,-1.287,-1.511,265.917,-1.037,-1.261,266.167,-0.787,-1.011,266.417,-0.537,-0.761,266.617,-0.337,-0.561,266.767,-0.187,-0.411,3560.243,34.32,1562490.0,5191190.0,False,False,0.0,-7.875
17336.596,1530412.011,5204701.277,263.085,265.352,265.206,265.206,right,2.121,444.0,503.707,1289.517,0.007,1530446.977,5204596.982,263.135,-2.071,-2.217,263.285,-1.921,-2.067,263.685,-1.521,-1.667,263.885,-1.321,-1.467,264.135,-1.071,-1.217,264.385,-0.821,-0.967,3560.243,34.14,1562490.0,5191190.0,False,False,0.0,-7.625
17586.596,1530574.873,5204859.404,260.478,267.209,261.645,261.645,right,1.167,328.0,460.817,1382.091,0.007,1531050.648,5204750.86,260.528,-1.117,-6.681,260.528,-1.117,-6.681,260.778,-0.867,-6.431,260.978,-0.667,-6.231,261.228,-0.417,-5.981,261.478,-0.167,-5.731,5813.87,35.08,1562490.0,5191190.0,False,False,0.0,-7.375
17836.596,1530658.809,5205081.115,259.653,264.795,263.013,263.013,right,3.36,722.0,1200.718,4051.013,0.007,1530810.3,5204730.438,260.703,-2.31,-4.092,260.803,-2.21,-3.992,261.053,-1.96,-3.742,261.303,-1.71,-3.492,261.553,-1.46,-3.242,261.853,-1.16,-2.942,5819.565,35.3,1562490.0,5191190.0,False,False,0.0,-7.125
18086.596,1530887.796,5205180.939,257.618,261.83,261.078,261.078,right,3.46,862.0,1587.697,5805.31,0.007,1531094.436,5204697.228,258.768,-2.31,-3.062,258.918,-2.16,-2.912,259.168,-1.91,-2.662,259.368,-1.71,-2.462,259.568,-1.51,-2.262,259.768,-1.31,-2.062,5825.322,34.8,1562490.0,5191190.0,False,False,0.0,-6.875
18336.596,1531129.914,5205173.206,255.248,258.167,260.914,258.167,left,2.919,462.0,625.544,1834.618,0.007,1531096.91,5204676.301,256.598,-4.316,-1.569,256.748,-4.166,-1.419,256.998,-3.916,-1.169,257.198,-3.716,-0.969,257.398,-3.516,-0.769,257.598,-3.316,-0.569,5370.85,34.9,1562490.0,5191190.0,False,False,0.0,-6.625
18586.596,1531355.928,5205228.879,253.26,259.383,256.495,256.495,right,3.234,412.0,604.161,1862.667,0.007,1531504.338,5205032.689,253.31,-3.184,-6.073,253.46,-3.034,-5.923,253.81,-2.684,-5.573,254.11,-2.384,-5.273,254.46,-2.034,-4.923,254.81,-1.684,-4.573,5813.87,34.24,1562490.0,5191190.0,False,False,0.0,-6.375
18836.596,1531533.784,5205395.075,251.887,257.741,253.52,253.52,right,1.633,248.0,246.642,599.593,0.007,1531666.508,5205219.62,252.237,-1.283,-5.503,252.287,-1.233,-5.453,252.537,-0.983,-5.203,252.787,-0.733,-4.953,252.937,-0.583,-4.803,253.187,-0.333,-4.553,5813.87,34.06,1562490.0,5191190.0,False,False,0.0,-6.125
19086.596,1531744.703,5205371.172,250.021,254.521,256.153,254.521,left,4.499,944.0,2089.271,8610.261,0.007,1531521.524,5204932.703,251.171,-4.981,-3.349,251.321,-4.831,-3.199,251.571,-4.581,-2.949,251.771,-4.381,-2.749,251.971,-4.181,-2.549,252.221,-3.931,-2.299,5813.87,34.54,1562490.0,5191190.0,False,False,0.0,-5.875
19336.596,1531966.163,5205260.093,248.364,253.819,253.083,253.083,right,4.719,1102.0,2633.247,11363.089,0.007,1531687.643,5204712.898,249.314,-3.769,-4.506,249.414,-3.669,-4.406,249.614,-3.469,-4.206,249.814,-3.269,-4.006,250.064,-3.019,-3.756,250.264,-2.819,-3.556,5819.565,34.22,1562490.0,5191190.0,False,False,0.0,-5.625
19586.596,1532195.721,5205161.11,246.267,254.513,253.31,253.31,right,7.044,1130.0,4407.94,26080.989,0.007,1531922.644,5204624.609,247.567,-5.744,-6.946,247.667,-5.644,-6.846,247.917,-5.394,-6.596,248.117,-5.194,-6.396,248.317,-4.994,-6.196,248.517,-4.794,-5.996,5370.85,34.12,1562490.0,5191190.0,False,False,0.0,-5.375
19836.596,1532422.276,5205055.409,244.714,252.117,252.229,252.117,left,7.403,1092.0,5185.257,35790.915,0.007,1532177.324,5204574.162,245.714,-6.515,-6.403,245.814,-6.415,-6.303,246.014,-6.215,-6.103,246.164,-6.065,-5.953,246.364,-5.865,-5.753,246.614,-5.615,-5.503,5370.85,33.82,1562490.0,5191190.0,False,False,0.0,-5.125
20086.596,1532657.172,5204975.734,242.107,251.234,248.432,248.432,right,6.325,828.0,2688.889,14452.464,0.007,1532564.126,5204686.323,244.107,-4.325,-7.127,244.307,-4.125,-6.927,244.557,-3.875,-6.677,244.757,-3.675,-6.477,244.957,-3.475,-6.277,245.157,-3.275,-6.077,5813.87,33.22,1562490.0,5191190.0,False,False,0.0,-4.875
20336.596,1532901.094,5204925.405,240.181,248.462,246.161,246.161,right,5.98,968.0,2762.581,13732.281,0.008,1532759.078,5204483.673,242.631,-3.53,-5.831,242.731,-3.43,-5.731,242.931,-3.23,-5.531,243.081,-3.08,-5.381,243.231,-2.93,-5.231,243.431,-2.73,-5.031,5370.85,33.28,1562490.0,5191190.0,False,False,0.0,-4.625
20586.596,1533126.068,5204845.695,239.791,246.49,242.732,242.732,right,2.941,1036.0,1647.591,5508.293,0.007,1533110.149,5204329.941,240.091,-2.641,-6.399,240.241,-2.491,-6.249,240.541,-2.191,-5.949,240.791,-1.941,-5.699,241.041,-1.691,-5.449,241.291,-1.441,-5.199,5365.177,32.88,1562490.0,5191190.0,False,False,0.0,-4.375
20836.596,1533375.015,5204841.786,237.432,241.764,240.045,240.045,right,2.613,686.0,1083.755,3574.192,0.007,1533357.676,5204280.054,237.932,-2.113,-3.833,238.032,-2.013,-3.733,238.332,-1.713,-3.433,238.682,-1.363,-3.083,238.982,-1.063,-2.783,239.232,-0.813,-2.533,5376.524,32.72,1562490.0,5191190.0,False,False,0.0,-4.125
21086.596,1533592.994,5204732.131,236.081,238.972,240.852,238.972,left,2.891,852.0,1407.258,4608.55,0.007,1533292.266,5204310.365,236.931,-3.921,-2.041,237.031,-3.821,-1.941,237.331,-3.521,-1.641,237.581,-3.271,-1.391,237.831,-3.021,-1.141,238.031,-2.821,-0.941,5365.177,32.76,1562490.0,5191190.0,False,False,0.0,-3.875
21336.596,1533795.405,5204596.149,233.065,238.247,237.769,237.769,right,4.704,850.0,1855.504,7179.451,0.007,1533503.927,5204160.699,234.915,-2.854,-3.332,235.065,-2.704,-3.182,235.365,-2.404,-2.882,235.615,-2.154,-2.632,235.915,-1.854,-2.332,236.215,-1.554,-2.032,5365.177,32.46,1562490.0,5191190.0,False,False,0.0,-3.625
21586.596,1534029.696,5204548.448,232.427,238.214,235.017,235.017,right,2.59,378.0,429.399,1072.226,0.006,1534032.634,5204444.49,232.477,-2.54,-5.737,232.577,-2.44,-5.637,232.927,-2.09,-5.287,233.227,-1.79,-4.987,233.577,-1.44,-4.637,233.827,-1.19,-4.387,5819.565,31.58,1562490.0,5191190.0,False,False,0.0,-3.375
21836.596,1534277.611,5204580.186,231.071,236.642,233.16,233.16,right,2.09,394.0,407.022,938.737,0.006,1534282.584,5204404.257,231.121,-2.04,-5.521,231.271,-1.89,-5.371,231.571,-1.59,-5.071,231.771,-1.39,-4.871,232.021,-1.14,-4.621,232.271,-0.89,-4.371,5813.87,31.36,1562490.0,5191190.0,False,False,0.0,-3.125
22086.596,1534515.945,5204520.178,229.26,234.256,231.195,231.195,right,1.934,212.0,215.164,485.629,0.006,1534478.481,5204401.973,230.26,-0.934,-3.996,230.36,-0.834,-3.896,230.56,-0.634,-3.696,230.76,-0.434,-3.496,230.96,-0.234,-3.296,231.16,-0.034,-3.096,5813.87,31.18,1562490.0,5191190.0,False,False,0.0,-2.875
22336.596,1534737.465,5204410.411,227.643,231.999,229.502,229.502,right,1.859,124.0,140.547,340.612,0.006,1534722.963,5204364.654,228.493,-1.009,-3.505,228.593,-0.909,-3.405,228.793,-0.709,-3.205,228.993,-0.509,-3.005,229.193,-0.309,-2.805,229.393,-0.109,-2.605,5813.87,30.94,1562490.0,5191190.0,False,False,0.0,-2.625
22586.596,1534982.224,5204374.66,225.702,230.315,228.158,228.158,right,2.456,566.0,593.78,1409.79,0.007,1534778.643,5203995.906,227.102,-1.056,-3.213,227.252,-0.906,-3.063,227.502,-0.656,-2.813,227.652,-0.506,-2.663,227.802,-0.356,-2.513,228.002,-0.156,-2.313,5376.524,31.22,1562490.0,5191190.0,False,False,0.0,-2.375
22836.596,1535174.403,5204214.803,224.049,229.521,226.353,226.353,right,2.305,500.0,481.667,1108.245,0.007,1534983.014,5203914.626,225.299,-1.055,-4.222,225.449,-0.905,-4.072,225.749,-0.605,-3.772,225.999,-0.355,-3.522,226.149,-0.205,-3.372,226.349,-0.005,-3.172,5370.85,30.94,1562490.0,5191190.0,False,False,0.0,-2.125
23086.596,1535381.739,5204082.772,222.439,227.119,224.889,224.889,right,2.45,422.0,527.418,1476.014,0.007,1535279.593,5203922.565,223.639,-1.25,-3.48,223.739,-1.15,-3.38,223.989,-0.9,-3.13,224.189,-0.7,-2.93,224.339,-0.55,-2.78,224.539,-0.35,-2.58,5819.565,30.26,1562490.0,5191190.0,False,False,0.0,-1.875
23336.596,1535594.125,5203962.047,220.664,223.001,224.133,223.001,left,2.338,406.0,444.609,1143.045,0.007,1535122.327,5203611.119,221.464,-2.669,-1.538,221.564,-2.569,-1.438,221.764,-2.369,-1.238,222.014,-2.119,-0.988,222.214,-1.919,-0.788,222.464,-1.669,-0.538,5365.177,30.72,1562490.0,5191190.0,False,False,0.0,-1.625
23586.596,1535735.861,5203757.779,218.795,220.726,222.775,220.726,left,1.931,352.0,394.944,1034.191,0.007,1535307.221,5203419.573,219.395,-3.38,-1.331,219.495,-3.28,-1.231,219.695,-3.08,-1.031,219.895,-2.88,-0.831,220.145,-2.63,-0.581,220.345,-2.43,-0.381,5370.85,30.4,1562490.0,5191190.0,False,False,0.0,-1.375
23836.596,1535929.035,5203602.931,216.871,219.111,221.339,219.111,left,2.24,188.0,258.094,779.608,0.007,1535546.452,5203117.592,217.621,-3.718,-1.49,217.721,-3.618,-1.39,218.021,-3.318,-1.09,218.271,-3.068,-0.84,218.471,-2.868,-0.64,218.671,-2.668,-0.44,4918.412,28.94,1562490.0,5191190.0,False,False,0.0,-1.125
24086.596,1536143.585,5203474.603,215.104,217.784,219.575,217.784,left,2.681,316.0,447.286,1375.182,0.007,1535754.812,5202981.409,215.954,-3.621,-1.831,216.054,-3.521,-1.731,216.304,-3.271,-1.481,216.504,-3.071,-1.281,216.754,-2.821,-1.031,216.954,-2.621,-0.831,4918.412,28.7,1562490.0,5191190.0,False,False,0.0,-0.875
24336.596,1536326.185,5203304.315,213.23,216.379,218.18,216.379,left,3.15,562.0,835.476,2609.358,0.007,1536003.033,5202894.368,214.18,-4.0,-2.2,214.33,-3.85,-2.05,214.53,-3.65,-1.85,214.73,-3.45,-1.65,214.98,-3.2,-1.4,215.23,-2.95,-1.15,4927.439,28.44,1562490.0,5191190.0,False,False,0.0,-0.625
24586.596,1536502.867,5203127.596,211.503,214.154,215.131,214.154,left,2.65,524.0,581.075,1496.895,0.007,1536199.525,5202742.78,212.153,-2.978,-2.0,212.253,-2.878,-1.9,212.553,-2.578,-1.6,212.753,-2.378,-1.4,213.053,-2.078,-1.1,213.353,-1.778,-0.8,5365.177,29.28,1562490.0,5191190.0,False,False,0.0,-0.375
24836.596,1536684.989,5202959.402,210.081,212.594,213.66,212.594,left,2.513,578.0,616.379,1565.025,0.007,1536407.648,5202607.569,210.281,-3.38,-2.313,210.431,-3.23,-2.163,210.731,-2.93,-1.863,211.031,-2.63,-1.563,211.381,-2.28,-1.213,211.681,-1.98,-0.913,5342.483,29.06,1562490.0,5191190.0,False,False,0.0,-0.125
25086.596,1536922.006,5202889.815,207.905,211.811,210.237,210.237,right,2.332,186.0,220.561,607.187,0.007,1536922.726,5202837.82,209.055,-1.182,-2.756,209.205,-1.032,-2.606,209.405,-0.832,-2.406,209.605,-0.632,-2.206,209.755,-0.482,-2.056,209.955,-0.282,-1.856,5626.961,28.52,1562490.0,5191190.0,False,False,0.0,0.125
25336.596,1537168.082,5202919.092,206.659,209.904,210.376,209.904,left,3.246,534.0,1162.086,4768.922,0.007,1537173.311,5202541.128,207.459,-2.917,-2.446,207.559,-2.817,-2.346,207.759,-2.617,-2.146,207.959,-2.417,-1.946,208.159,-2.217,-1.746,208.359,-2.017,-1.546,5464.472,27.06,1562490.0,5191190.0,False,False,0.0,0.375
25586.596,1537410.025,5202872.513,205.121,206.882,209.792,206.882,left,1.761,380.0,400.262,991.48,0.007,1537312.079,5202584.724,205.621,-4.172,-1.261,205.721,-4.072,-1.161,205.971,-3.822,-0.911,206.121,-3.672,-0.761,206.321,-3.472,-0.561,206.571,-3.222,-0.311,5497.975,26.9,1562490.0,5191190.0,False,False,0.0,0.625
25836.596,1537647.783,5202796.56,202.578,205.88,206.827,205.88,left,3.302,520.0,733.927,2158.234,0.007,1537621.451,5202659.058,203.328,-3.5,-2.552,203.728,-3.1,-2.152,204.278,-2.55,-1.602,204.478,-2.35,-1.402,204.628,-2.2,-1.252,204.828,-2.0,-1.052,5660.902,26.64,1562490.0,5191190.0,False,False,0.0,0.875
26086.596,1537892.12,5202833.806,201.137,206.005,206.468,206.005,left,4.868,524.0,1223.941,4915.373,0.006,1537947.013,5202700.68,201.187,-5.281,-4.818,201.187,-5.281,-4.818,201.237,-5.231,-4.768,201.537,-4.931,-4.468,201.837,-4.631,-4.168,202.187,-4.281,-3.818,5721.536,26.34,1562490.0,5191190.0,False,False,0.0,1.125
26336.596,1538104.239,5202962.018,199.509,203.509,203.832,203.509,left,4.0,738.0,1108.51,3257.88,0.006,1538165.241,5202792.67,200.059,-3.773,-3.45,200.259,-3.573,-3.25,200.659,-3.173,-2.85,201.009,-2.823,-2.5,201.359,-2.473,-2.15,201.759,-2.073,-1.75,6126.693,27.32,1562490.0,5191190.0,False,False,0.0,1.375
26586.596,1538345.782,5203015.906,197.921,202.346,202.477,202.346,left,4.425,866.0,1562.393,5013.045,0.006,1538375.769,5202709.369,199.671,-2.806,-2.675,199.821,-2.656,-2.525,200.071,-2.406,-2.275,200.321,-2.156,-2.025,200.571,-1.906,-1.775,200.821,-1.656,-1.525,5716.759,26.18,1562490.0,5191190.0,False,False,0.0,1.625
26836.596,1538587.396,5202988.875,196.544,200.12,201.698,200.12,left,3.576,484.0,985.521,3432.941,0.006,1538434.09,5202628.096,197.944,-3.754,-2.176,198.094,-3.604,-2.026,198.394,-3.304,-1.726,198.694,-3.004,-1.426,198.894,-2.804,-1.226,199.094,-2.604,-1.026,5721.536,26.1,1562490.0,5191190.0,False,False,0.0,1.875
27086.596,1538814.713,5202896.124,195.255,198.152,199.76,198.152,left,2.897,572.0,822.472,2295.747,0.006,1538700.516,5202627.381,196.405,-3.356,-1.747,196.555,-3.206,-1.597,196.805,-2.956,-1.347,197.055,-2.706,-1.097,197.255,-2.506,-0.897,197.505,-2.256,-0.647,6218.654,26.74,1562490.0,5191190.0,False,False,0.0,2.125
27336.596,1539047.004,5202811.14,193.28,198.067,198.049,198.049,right,4.769,708.0,1792.986,7474.357,0.006,1538909.341,5202487.175,194.63,-3.419,-3.438,194.83,-3.219,-3.238,195.18,-2.869,-2.888,195.58,-2.469,-2.488,195.83,-2.219,-2.238,196.08,-1.969,-1.988,5729.018,25.76,1562490.0,5191190.0,False,False,0.0,2.375
27586.596,1539242.584,5202662.723,191.822,195.17,197.015,195.17,left,3.348,348.0,784.414,3127.329,0.007,1539001.863,5202371.284,192.922,-4.092,-2.248,192.972,-4.042,-2.198,193.172,-3.842,-1.998,193.372,-3.642,-1.798,193.572,-3.442,-1.598,193.772,-3.242,-1.398,5728.984,25.6,1562490.0,5191190.0,False,False,0.0,2.625
27836.596,1539449.64,5202528.599,189.818,193.499,194.966,193.499,left,3.681,548.0,838.152,2626.558,0.007,1539387.56,5202288.494,191.668,-3.298,-1.831,191.818,-3.148,-1.681,192.218,-2.748,-1.281,192.468,-2.498,-1.031,192.718,-2.248,-0.781,192.968,-1.998,-0.531,6382.336,25.34,1562490.0,5191190.0,False,False,0.0,2.875
28086.596,1539689.97,5202461.738,188.568,193.144,192.842,192.842,right,4.274,902.0,1483.361,4876.131,0.007,1539630.528,5202088.44,190.118,-2.724,-3.027,190.268,-2.574,-2.877,190.518,-2.324,-2.627,190.768,-2.074,-2.377,191.168,-1.674,-1.977,191.568,-1.274,-1.577,6384.88,25.1,1562490.0,5191190.0,False,False,0.0,3.125
28336.596,1539939.052,5202440.332,186.81,191.452,191.112,191.112,right,4.301,1058.0,1821.998,6178.24,0.007,1539855.708,5201916.926,188.21,-2.901,-3.242,188.31,-2.801,-3.142,188.56,-2.551,-2.892,188.81,-2.301,-2.642,189.11,-2.001,-2.342,189.66,-1.451,-1.792,6210.666,24.74,1562490.0,5191190.0,False,False,0.0,3.375
28586.596,1540184.097,5202401.859,184.615,188.979,190.231,188.979,left,4.364,842.0,1633.465,6052.613,0.007,1539931.764,5201888.525,186.065,-4.166,-2.914,186.215,-4.016,-2.764,186.465,-3.766,-2.514,186.665,-3.566,-2.314,186.965,-3.266,-2.014,187.365,-2.866,-1.614,6450.325,24.56,1562490.0,5191190.0,False,False,0.0,3.625
28836.596,1540416.381,5202309.425,182.865,185.85,187.092,185.85,left,2.984,444.0,612.218,1879.161,0.008,1540164.048,5201796.091,184.415,-2.677,-1.434,184.565,-2.527,-1.284,184.765,-2.327,-1.084,184.965,-2.127,-0.884,185.165,-1.927,-0.684,185.365,-1.727,-0.484,6555.026,24.32,1562490.0,5191190.0,False,False,0.0,3.875
29086.596,1540641.009,5202199.713,181.78,184.5,184.901,184.5,left,2.72,334.0,582.899,2147.674,0.008,1540578.366,5202072.276,182.83,-2.071,-1.67,182.98,-1.921,-1.52,183.18,-1.721,-1.32,183.33,-1.571,-1.17,183.48,-1.421,-1.02,183.68,-1.221,-0.82,7039.299,24.84,1562490.0,5191190.0,False,False,0.0,4.125
29336.596,1540851.997,5202069.349,179.619,183.786,182.847,182.847,right,3.227,694.0,688.439,1721.163,0.008,1540743.476,5201848.579,181.069,-1.777,-2.717,181.169,-1.677,-2.617,181.419,-1.427,-2.367,181.669,-1.177,-2.117,181.919,-0.927,-1.867,182.219,-0.627,-1.567,7008.536,23.94,1562490.0,5191190.0,False,False,0.0,4.375
29586.596,1541070.899,5201958.124,178.162,180.919,181.66,180.919,left,2.757,766.0,714.642,1638.249,0.007,1541019.544,5201760.694,178.412,-3.248,-2.507,178.512,-3.148,-2.407,178.712,-2.948,-2.207,178.862,-2.798,-2.057,179.112,-2.548,-1.807,179.412,-2.248,-1.507,7115.255,23.74,1562490.0,5191190.0,False,False,0.0,4.625
29836.596,1541319.793,5201964.961,176.869,181.652,176.869,176.869,right,0.0,0.0,0.0,0.0,0.007,1541373.663,5201745.475,176.919,0.05,-4.733,176.919,0.05,-4.733,176.919,0.05,-4.733,176.919,0.05,-4.733,176.919,0.05,-4.733,176.919,0.05,-4.733,7423.852,23.3,1562490.0,5191190.0,False,False,0.0,4.875
30086.596,1541550.618,5202043.539,175.413,179.874,178.19,178.19,right,2.777,276.0,452.202,1425.018,0.006,1541576.838,5201936.709,175.463,-2.727,-4.411,175.463,-2.727,-4.411,175.463,-2.727,-4.411,175.463,-2.727,-4.411,175.463,-2.727,-4.411,175.463,-2.727,-4.411,7696.532,23.28,1562490.0,5191190.0,False,False,0.0,5.125
30336.596,1541777.677,5202142.423,173.895,179.032,176.56,176.56,right,2.665,108.0,205.909,678.074,0.006,1541781.014,5202128.827,173.945,-2.615,-5.087,173.945,-2.615,-5.087,173.945,-2.615,-5.087,174.095,-2.465,-4.937,174.445,-2.115,-4.587,174.745,-1.815,-4.287,8022.537,23.08,1562490.0,5191190.0,False,False,0.0,5.375
30586.596,1542016.665,5202121.628,172.115,175.29,176.398,175.29,left,3.175,236.0,297.746,679.907,0.005,1542014.095,5202116.206,173.465,-2.933,-1.825,173.615,-2.783,-1.675,173.815,-2.583,-1.475,174.015,-2.383,-1.275,174.215,-2.183,-1.075,174.415,-1.983,-0.875,8184.657,23.02,1562490.0,5191190.0,False,False,0.0,5.625
30836.596,1542239.876,5202011.743,170.656,173.355,173.861,173.355,left,2.699,78.0,147.002,339.074,0.003,1542215.3,5201980.183,172.006,-1.855,-1.349,172.106,-1.755,-1.249,172.356,-1.505,-0.999,172.556,-1.305,-0.799,172.706,-1.155,-0.649,172.906,-0.955,-0.449,8199.452,22.86,1562490.0,5191190.0,False,False,0.0,5.875
